rulerID	row	name	reign	sheet_birthdeath	born	died	source	status
1	2	St. Peter	32–67					NO-DATE on wikidata
2	3	St. Linus	67–76		10	79	wikidata	OK
3	4	St. Anacletus (Cletus)	76–88		25		wikidata	OK born only
4	5	St. Clement I	88–97			99	wikidata	OK died only
5	6	St. Evaristus	97–105			105	wikidata	OK died only
6	7	St. Alexander I	105–115			116	wikidata	OK died only
7	8	St. Sixtus I	115–125		42		wikidata	OK born only
8	9	St. Telesphorus	125–136					NO-DATE on wikidata
9	10	St. Hyginus	136–140			142	wikidata	OK died only
10	11	St. Pius I	140–155					NO-DATE on wikidata
11	12	St. Anicetus	155–166			166	wikidata	OK died only
12	13	St. Soter	166–175			175	wikidata	OK died only
13	14	St. Eleutherius	175–189			189	wikidata	OK died only
14	15	St. Victor I	189–199			199	wikidata	OK died only
15	16	St. Zephyrinus	199–217			217	wikidata	OK died only
16	17	St. Callistus I	217–222			222	wikidata	OK died only
17	18	St. Urban I	222–230			230	wikidata	OK died only
18	19	St. Pontian	230–235			235	wikidata	OK died only
19	20	St. Anterus	235–236			236	wikidata	OK died only
20	21	St. Fabian	236–250			250	wikidata	OK died only
21	22	St. Cornelius	251–253		180	253	wikidata	OK
22	23	St. Lucius I	253–254			254	wikidata	OK died only
23	24	St. Stephen I	254–257			257	wikidata	OK died only
24	25	St. Sixtus II	257–258		215	258	wikidata	OK
25	26	St. Dionysius	260–268		200	268	wikidata	OK
26	27	St. Felix I	269–274			274	wikidata	OK died only
27	28	St. Eutychian	275–283			283	wikidata	OK died only
28	29	St. Caius	283–296			296	wikidata	OK died only
29	30	St. Marcellinus	296–304			304	wikidata	OK died only
30	31	St. Marcellus I	308–309		255	309	wikidata	OK
31	32	St. Eusebius	310–310			310	wikidata	OK died only
32	33	St. Miltiades	311–314			314	wikidata	OK died only
33	34	St. Sylvester I	314–335			335	wikidata	OK died only
34	35	St. Marcus	336–336			336	wikidata	OK died only
35	36	St. Julius I	337–352			352	wikidata	OK died only
36	37	Liberius	352–366		310	366	wikidata	OK
37	38	St. Damasus I	366–384		305	384	wikidata	OK
38	39	St. Siricius	384–399		334	399	wikidata	OK
39	40	St. Anastasius I	399–401		340	401	wikidata	OK
40	41	St. Innocent I	401–417			417	wikidata	OK died only
41	42	St. Zosimus	417–418			418	wikidata	OK died only
42	43	St. Boniface I	418–422		370	422	wikidata	OK
43	44	St. Celestine I	422–432			432	wikidata	OK died only
44	45	St. Sixtus III	432–440		390	440	wikidata	OK
45	46	St. Leo I	440–461		390	461	wikidata	OK
46	47	St. Hilarius	461–468		415	468	wikidata	OK
47	48	St. Simplicius	468–483		420	483	wikidata	OK
48	49	St. Felix III (II)	483–492		440	492	wikidata	OK
49	50	St. Gelasius I	492–496			496	wikidata	OK died only
50	51	Anastasius II	496–498			498	wikidata	OK died only
51	52	St. Symmachus	498–514		460	514	wikidata	OK
52	53	St. Hormisdas	514–523		450	523	wikidata	OK
53	54	St. John I	523–526		470	526	wikidata	OK
54	55	St. Felix IV (III)	526–530			530	wikidata	OK died only
55	56	Boniface II	530–532			532	wikidata	OK died only
56	57	John II	533–535		470	535	wikidata	OK
57	58	St. Agapetus I	535–536			536	wikidata	OK died only
58	59	St. Silverius	536–537		477	537	wikidata	OK
59	60	Vigilius	537–555			555	wikidata	OK died only
60	61	Pelagius I	556–561		505	561	wikidata	OK
61	62	John III	561–574		520	574	wikidata	OK
62	63	Benedict I	575–579		525	579	wikidata	OK
63	64	Pelagius II	579–590		520	590	wikidata	OK
64	65	St. Gregory I	590–604		540	604	wikidata	OK
65	66	Sabinian	604–606		530	606	wikidata	OK
66	67	Boniface III	607–607		540	607	wikidata	OK
67	68	St. Boniface IV	608–615		550	615	wikidata	OK
68	69	St. Deusdedit (Adeodatus I)	615–618		570	618	wikidata	OK
69	70	Boniface V	619–625			625	wikidata	OK died only
70	71	Honorius I	625–638		585	638	wikidata	OK
71	72	Severinus	461–640			640	wikidata	OK died only
72	73	John IV	640–642		600	642	wikidata	OK
73	74	Theodore I	642–649			649	wikidata	OK died only
74	75	St. Martin I	649–655		598	655	wikidata	OK
75	76	St. Eugene I	655–657			657	wikidata	OK died only
76	77	St. Vitalian	657–672		600	672	wikidata	OK
77	78	Adeodatus (II)	672–676			676	wikidata	OK died only
78	79	Donus	676–678			678	wikidata	OK died only
79	80	St. Agatho	678–681		574	681	wikidata	OK
80	81	St. Leo II	682–683		611	683	wikidata	OK
81	82	St. Benedict II	684–685		635	685	wikidata	OK
82	83	John V	685–686		635	686	wikidata	OK
83	84	Conon	686–687		630	687	wikidata	OK
84	85	St. Sergius I	687–701		650	701	wikidata	OK
85	86	John VI	701–705		655	705	wikidata	OK
86	87	John VII	705–707		650	707	wikidata	OK
87	88	Sisinnius	708–708		650	708	wikidata	OK
88	89	Constantine	708–715			715	wikidata	OK died only
89	90	St. Gregory II	715–731		669	731	wikidata	OK
90	91	St. Gregory III	731–741			741	wikidata	OK died only
91	92	St. Zachary	741–752		679	752	wikidata	OK
92	93	Stephen II (III)	752–757		714	757	wikidata	OK
93	94	St. Paul I	757–767		700	767	wikidata	OK
94	95	Stephen III (IV)	767–772		720	772	wikidata	OK
95	96	Adrian I	772–795		700	795	wikidata	OK
96	97	St. Leo III	795–816		750	816	wikidata	OK
97	98	Stephen IV (V)	816–817		770	817	wikidata	OK
98	99	St. Paschal I	817–824		775	824	wikidata	OK
99	100	Eugene II	824–827		780	827	wikidata	OK
100	101	Valentine	827–827		780	827	wikidata	OK
101	102	Gregory IV	827–844		795	844	wikidata	OK
102	103	Sergius II	844–847		790	847	wikidata	OK
103	104	St. Leo IV	847–855		790	855	wikidata	OK
104	105	Benedict III	855–858		810	858	wikidata	OK
105	106	St. Nicholas I	858–867		820	867	wikidata	OK
106	107	Adrian II	867–872		792	872	wikidata	OK
107	108	John VIII	872–882		820	882	wikidata	OK
108	109	Marinus I	882–884		830	884	wikidata	OK
109	110	St. Adrian III	884–885			885	wikidata	OK died only
110	111	Stephen V (VI)	885–891			891	wikidata	OK died only
111	112	Formosus	891–896		816	896	wikidata	OK
112	113	Boniface VI	896–896			896	wikidata	OK died only
113	114	Stephen VI (VII)	896–897			897	wikidata	OK died only
114	115	Romanus	897–897			897	wikidata	OK died only
115	116	Theodore II	897–897		840	897	wikidata	OK
116	117	John IX	898–900		840	900	wikidata	OK
117	118	Benedict IV	900–903			903	wikidata	OK died only
118	119	Leo V	903–903			905	wikidata	OK died only
119	120	Sergius III	904–911		860	911	wikidata	OK
120	121	Anastasius III	911–913			913	wikidata	OK died only
121	122	Lando	913–914			914	wikidata	OK died only
122	123	John X	914–928		860	929	wikidata	OK
123	124	Leo VI	928–928		880	928	wikidata	OK
124	125	Stephen VIII	929–931			931	wikidata	OK died only
125	126	John XI	931–935		910	936	wikidata	OK
126	127	Leo VII	936–939			939	wikidata	OK died only
127	128	Stephen IX	939–942			942	wikidata	OK died only
128	129	Marinus II	942–946			946	wikidata	OK died only
129	130	Agapetus II	946–955			955	wikidata	OK died only
130	131	John XII	955–963		937	964	wikidata	OK
131	132	Leo VIII	963–964		915	965	wikidata	OK
132	133	Benedict V	964–964		900	965	wikidata	OK
133	134	John XIII	965–972			972	wikidata	OK died only
134	135	Benedict VI	973–974			974	wikidata	OK died only
135	136	Benedict VII	974–983			983	wikidata	OK died only
136	137	John XIV	983–984			984	wikidata	OK died only
137	138	John XV	985–996			996	wikidata	OK died only
138	139	Gregory V	996–999	972-999	972	999	wikidata	OK
139	140	Sylvester II	999–1003	946-1003	938	1003	wikidata	OK wikidata over sheet 946-1003
140	141	John XVII	1003–1003			1003	wikidata	OK died only
141	142	John XVIII	1003–1009			1009	wikidata	OK died only
142	143	Sergius IV	1009–1012		970	1012	wikidata	OK
143	144	Benedict VIII	1012–1024		980	1024	wikidata	OK
144	145	John XIX	1024–1032		975	1032	wikidata	OK
145	146	Benedict IX	1032–1048			1055	wikidata	OK died only
146	147	Sylvester III	1045–1045		1000	1063	wikidata	OK
147	148	Gregory VI	1045–1046		1000	1048	wikidata	OK
148	149	Clement II	1046–1047		1005	1047	wikidata	OK
149	150	Damasus II	1048–1048		1000	1048	wikidata	OK
150	151	St. Leo IX	1049–1054		1002	1054	wikidata	OK
151	152	Victor II	1055–1057		1018	1057	wikidata	OK
152	153	Stephen X	1057–1058		1000	1058	wikidata	OK
153	154	Nicholas II	1058–1061			1061	wikidata	OK died only
154	155	Alexander II	1061–1073			1073	wikidata	OK died only
155	156	St. Gregory VII	1073–1085			1085	wikidata	OK died only
156	157	Blessed Victor III	1086–1087		1027	1087	wikidata	OK
157	158	Blessed Urban II	1088–1099		1035	1099	wikidata	OK
158	159	Paschal II	1099–1118			1118	wikidata	OK died only
159	160	Gelasius II	1118–1119		1060	1119	wikidata	OK
160	161	Callistus II	1119–1124		1065	1124	wikidata	OK
161	162	Honorius II	1124–1130			1130	wikidata	OK died only
162	163	Innocent II	1130–1143			1143	wikidata	OK died only
163	164	Celestine II	1143–1144			1144	wikidata	OK died only
164	165	Lucius II	1144–1145			1145	wikidata	OK died only
165	166	Blessed Eugene III	1145–1153			1153	wikidata	OK died only
166	167	Anastasius IV	1153–1154		1073	1154	wikidata	OK
167	168	Adrian IV	1154–1159			1159	wikidata	OK died only
168	169	Alexander III	1159–1181		1100	1181	wikidata	OK
169	170	Lucius III	1181–1185		1110	1185	wikidata	OK
170	171	Urban III	1185–1187			1187	wikidata	OK died only
171	172	Gregory VIII	1187–1187			1187	wikidata	OK died only
172	173	Clement III	1187–1191		1124	1191	wikidata	OK
173	174	Celestine III	1191–1198	1106-1198	1106	1198	wikidata	OK
174	175	Innocent III	1198–1216	1160/61-1216	1160	1216	wikidata	OK
175	176	Honorius III	1216–1227	1148-1227	1148	1227	wikidata	OK
176	177	Gregory IX	1227–1241	1170-1241	1170	1241	wikidata	OK
177	178	Celestine IV	1241–1241	???-1241		1241	wikidata	OK died only
178	179	Innocent IV	1243–1254	1195-1254	1195	1254	wikidata+sheet	OK
179	180	Alexander IV	1254–1261	1199-1261	1199	1261	wikidata+sheet	OK
180	181	Urban IV	1261–1264	1195-1264	1185	1264	wikidata	OK wikidata over sheet 1195-1264
181	182	Clement IV	1265–1268	1190-1268	1190	1268	wikidata	OK
182	183	Blessed Gregory X	1271–1276	1210-1276	1210	1276	wikidata	OK
183	184	Blessed Innocent V	1276–1276	1225-1276	1225	1276	wikidata	OK
184	185	Adrian V	1276–1276	???-1276	1205	1276	wikidata	OK
185	186	John XXI	1276–1277	1215-1277	1215	1277	wikidata	OK
186	187	Nicholas III	1277–1280	1210-1280	1210	1280	wikidata+sheet	OK
187	188	Martin IV	1281–1285	1210-1285	1220	1285	wikidata	OK wikidata over sheet 1210-1285
188	189	Honorius IV	1285–1287	1210-1287	1210	1287	wikidata	OK
189	190	Nicholas IV	1288–1292	1227-1292	1227	1292	wikidata	OK
190	191	St. Celestine V	1294–1294	1215-1296	1215	1296	wikidata	OK
191	192	Boniface VIII	1294–1303	1230-1303	1235	1303	wikidata	OK wikidata over sheet 1230-1303
192	193	Blessed Benedict XI	1303–1304	1240-1304	1240	1304	wikidata	OK
193	194	Clement V	1305–1314	1264-1314	1264	1314	wikidata	OK
194	195	John XXII	1316–1334	1244-1334	1244	1334	wikidata	OK
195	196	Benedict XII	1334–1342	1280-1342	1280	1342	wikidata	OK
196	197	Clement VI	1342–1352	1291-1352	1291	1352	wikidata	OK
197	198	Innocent VI	1352–1362	1282-1362	1282	1362	wikidata	OK
198	199	Blessed Urban V	1362–1370	1310-1370	1310	1370	wikidata	OK
199	200	Gregory XI	1370–1378	1330-1378	1329	1378	wikidata	OK
200	201	Urban VI	1378–1389	1318-1389	1318	1389	wikidata	OK
201	202	Boniface IX	1389–1404	1356-1404	1356	1404	wikidata	OK
202	203	Innocent VII	1404–1406	1336-1406	1339	1406	wikidata	OK wikidata over sheet 1336-1406
203	204	Gregory XII	1406–1415	1326-1417	1335	1417	wikidata	OK wikidata over sheet 1326-1417
204	205	Martin V	1417–1431	1368-1431	1369	1431	wikidata	OK
205	206	Eugene IV	1431–1447	1383-1447	1383	1447	wikidata	OK
206	207	Nicholas V	1447–1455	1397-1455	1397	1455	wikidata	OK
207	208	Callistus III	1455–1458	1378-1458	1379	1458	wikidata	OK
208	209	Pius II	1458–1464	1405-1464	1405	1464	wikidata	OK
209	210	Paul II	1464–1471	1417-1471	1417	1471	wikidata	OK
210	211	Sixtus IV	1471–1484	1414-1484	1414	1484	wikidata	OK
211	212	Innocent VIII	1484–1492	1432-1492	1432	1492	wikidata	OK
212	213	Alexander VI	1492–1503	1431-1503	1431	1503	wikidata	OK
213	214	Pius III	1503–1503	1439-1503	1439	1503	wikidata	OK
214	215	Julius II	1503–1513	1443-1513	1443	1513	wikidata	OK
215	216	Leo X	1513–1521	1475-1521	1475	1521	wikidata	OK
216	217	Adrian VI	1522–1523	1459-1523	1459	1523	wikidata	OK
217	218	Clement VII	1523–1534	1478-1534	1478	1534	wikidata	OK
218	219	Paul III	1534–1549	1468-1549	1468	1549	wikidata	OK
219	220	Julius III	1550–1555	1487-1555	1487	1555	wikidata	OK
220	221	Marcellus II	1555–1555	1501-1555	1501	1555	wikidata	OK
221	222	Paul IV	1555–1559	1476-1559	1476	1559	wikidata	OK
222	223	Pius IV	1559–1565	1499-1565	1499	1565	wikidata	OK
223	224	St. Pius V	1566–1572	1504-1572	1504	1572	wikidata	OK
224	225	Gregory XIII	1572–1585	1502-1585	1502	1585	wikidata	OK
225	226	Sixtus V	1585–1590	1521-1590	1521	1590	wikidata	OK
226	227	Urban VII	1590–1590	1521-1590	1521	1590	wikidata	OK
227	228	Gregory XIV	1590–1591	1535-1591	1535	1591	wikidata	OK
228	229	Innocent IX	1591–1591	1519-1591	1519	1591	wikidata	OK
229	230	Clement VIII	1592–1605	1536-1605	1536	1605	wikidata	OK
230	231	Leo XI	1605–1605	1535-1605	1535	1605	wikidata	OK
231	232	Paul V	1605–1621	1552-1621	1552	1621	wikidata	OK
232	233	Gregory XV	1621–1623	1554-1623	1554	1623	wikidata	OK
233	234	Urban VIII	1623–1644	1568-1644	1568	1644	wikidata	OK
234	235	Innocent X	1644–1655	1574-1655	1574	1655	wikidata	OK
235	236	Alexander VII	1655–1667	1599-1667	1599	1667	wikidata	OK
236	237	Clement IX	1667–1669	1600-1669	1600	1669	wikidata	OK
237	238	Clement X	1670–1676	1590-1676	1590	1676	wikidata	OK
238	239	Blessed Innocent XI	1676–1689	1611-1689	1611	1689	wikidata	OK
239	240	Alexander VIII	1689–1691	1610-1691	1610	1691	wikidata	OK
240	241	Innocent XII	1691–1700	1615-1700	1615	1700	wikidata	OK
241	242	Clement XI	1700–1721	1649-1721	1649	1721	wikidata	OK
242	243	Innocent XIII	1721–1724	1655-1724	1655	1724	wikidata	OK
243	244	Benedict XIII	1724–1730	1649-1730	1649	1730	wikidata	OK
244	245	Clement XII	1730–1740	1652-1740	1652	1740	wikidata	OK
245	246	Benedict XIV	1740–1758	1675-1758	1675	1758	wikidata	OK
246	247	Clement XIII	1758–1769	1693-1769	1693	1769	wikidata	OK
247	248	Clement XIV	1769–1774	1705-1774	1705	1774	wikidata	OK
248	249	Pius VI	1775–1799	1717-1799	1717	1799	wikidata	OK
249	250	Pius VII	1800–1823	1742-1823	1742	1823	wikidata	OK
250	251	Leo XII	1823–1829	1760-1829	1760	1829	wikidata	OK
251	252	Pius VIII	1829–1830	1761-1830	1761	1830	wikidata	OK
252	253	Gregory XVI	1831–1846	1765-1846	1765	1846	wikidata	OK
253	254	Blessed Pius IX	1846–1878	1792-1878	1792	1878	wikidata	OK
254	255	Leo XIII	1878–1903	1810-1903	1810	1903	wikidata	OK
255	256	St. Pius X	1903–1914	1835-1914	1835	1914	wikidata	OK
256	257	Benedict XV	1914–1922	1854-1922	1854	1922	wikidata	OK
257	258	Pius XI	1922–1939	1857-1939	1857	1939	wikidata	OK
258	259	Pius XII	1939–1958	1876-1958	1876	1958	wikidata	OK
259	260	St. John XXIII	1958–1963	1881-1963	1881	1963	wikidata	OK
260	261	Paul VI	1963–1978	1897-1978	1897	1978	wikidata	OK
261	262	John Paul I	1978–1978	1912-1978	1912	1978	wikidata	OK
262	263	St. John Paul II	1978–2005	1920-2005	1920	2005	wikidata	OK
263	264	Benedict XVI	2005–2013	1927-2022	1927	2022	wikidata	OK
264	265	Francis	2013–2025	1936-Present	1936	2025	wikidata	OK
265	266	Egbert	802–839	775-839	771	839	wikidata	OK wikidata over sheet 775-839
266	267	Aethelwulf	839–856	795-858	795	858	wikidata+sheet	OK
267	268	Aethelbald	856–860	834-860	835	860	wikidata	OK
268	269	Aethelberht	860–865	836-865	836	865	wikidata	OK
269	270	Aethelred I	865–871	844-871	837	871	wikidata	OK wikidata over sheet 844-871
270	271	Alfred the Great	871–899	849-899	849	899	wikidata	OK
271	272	Edward the Elder	899–924	874-924	874	924	wikidata	OK
272	273	Athelstan	925–939	894-939	895	939	wikidata	OK
273	274	Edmund I	939–946	921-946	920	946	wikidata	OK
274	275	Eadred	946–955	923-955	923	955	wikidata	OK
275	276	Eadwig	955–959	940-959	940	959	wikidata	OK
276	277	Edgar	959–975	943-975	943	975	wikidata	OK
277	278	Edward the Martyr	975–978	962-978	963	978	wikidata	OK
278	279	Ethelred II the Unready	978–1016	968-1016	967	1016	wikidata	OK
279	280	Sweyn Forkbeard	1013–1014	960-1014	963	1014	wikidata	OK wikidata over sheet 960-1014
280	281	Edmund II Ironside	1016–1016	990-1016	988	1016	wikidata	OK wikidata over sheet 990-1016
281	282	Canute	1016–1035	995-1035	994	1035	wikidata	OK
282	283	Harold I Harefoot	1035–1040	1015-1040	1016	1040	wikidata	OK
283	284	Hardecanute	1040–1042	1018-1042	1018	1042	wikidata	OK
284	285	Edward the Confessor	1042–1066	1003-1066	1003	1066	wikidata+sheet	OK
285	286	Harold II	1066–1066	1022-1066	1022	1066	wikidata	OK
286	287	William I the Conqueror	1066–1087	1028-1087	1028	1087	wikidata	OK
287	288	William II	1087–1100	1056-1100	1060	1100	wikidata	OK wikidata over sheet 1056-1100
288	289	Henry I of England	1100–1135	1068-1135	1068	1135	wikidata	OK
289	290	Stephen	1135–1154	1096-1154	1095	1154	wikidata	OK
290	291	Henry II Plantagenet	1154–1189	1133-1189	1133	1189	wikidata	OK
291	292	Richard I	1189–1199	1157-1199	1157	1199	wikidata	OK
292	293	John	1199–1216	1166-1216	1166	1216	wikidata	OK
293	294	Henry III	1216–1272	1207-1272	1207	1272	wikidata	OK
294	295	Edward I	1272–1307	1239-1307	1239	1307	wikidata	OK
295	296	Edward II	1307–1327	1284-1327	1284	1327	wikidata	OK
296	297	Edward III	1327–1377	1312-1377	1312	1377	wikidata	OK
297	298	Richard II	1377–1399	1367-1400	1367	1400	wikidata	OK
298	299	Henry IV	1399–1413	1367-1413	1367	1413	wikidata	OK
299	300	Henry V	1413–1422	1386-1422	1386	1422	wikidata	OK
300	301	Henry VI	1422–1471	1421-1471	1421	1471	wikidata	OK
301	302	Edward IV	1461–1483	1442-1483	1442	1483	wikidata	OK
302	303	Edward V	1483–1483	1470-1483	1470	1483	wikidata	OK
303	304	Richard III	1483–1485	1452-1485	1452	1485	wikidata	OK
304	305	Henry VII	1485–1509	1457-1509	1457	1509	wikidata	OK
305	306	Henry VIII	1509–1547	1491-1547	1491	1547	wikidata	OK
306	307	Edward VI	1547–1553	1537-1553	1537	1553	wikidata	OK
307	308	Mary I	1553–1558	1516-1558	1516	1558	wikidata	OK
308	309	Elizabeth I	1558–1603	1533-1603	1533	1603	wikidata	OK
309	310	James I	1567–1625	1566-1625	1566	1625	wikidata	OK
310	311	Charles I	1625–1649	1600-1649	1600	1649	wikidata	OK
311	312	Charles II	1649–1685	1630-1685	1630	1685	wikidata	OK
312	313	James II	1685–1688	1633-1701	1633	1701	wikidata	OK
313	314	William III and Mary II	1689–1702	1650-1702	1650	1702	wikidata	OK
314	315	Anne	1702–1714	1665-1714	1665	1714	wikidata	OK
315	316	George I	1714–1727	1660-1727	1660	1727	wikidata	OK
316	317	George II	1727–1760	1683-1760	1683	1760	wikidata	OK
317	318	George III	1760–1820	1738-1820	1738	1820	wikidata	OK
318	319	George IV	1820–1830	1762-1830	1762	1830	wikidata	OK
319	320	William IV	1830–1837	1765-1837	1765	1837	wikidata	OK
320	321	Victoria	1837–1901	1819-1901	1819	1901	wikidata	OK
321	322	Edward VII	1901–1910	1841-1910	1841	1910	wikidata	OK
322	323	George V	1910–1936	1865-1936	1865	1936	wikidata	OK
323	324	Edward VIII	1936–1936	1894-1972	1894	1972	wikidata	OK
324	325	George VI	1936–1952	1895-1952	1895	1952	wikidata	OK
325	326	Elizabeth II	1952–2022	1926-2022	1926	2022	wikidata	OK
326	327	Charles III	2022–2025	1948-	1948		wikidata	OK born only
327	328	George Washington	1789–1797	1732-1799	1732	1799	wikidata	OK
328	329	John Adams	1797–1801	1735-1826	1735	1826	wikidata	OK
329	330	Thomas Jefferson	1801–1809	1743-1826	1743	1826	wikidata	OK
330	331	James Madison	1809–1817	1751-1836	1751	1836	wikidata	OK
331	332	James Monroe	1817–1825	1758-1831	1758	1831	wikidata	OK
332	333	John Quincy Adams	1825–1829	1767-1848	1767	1848	wikidata	OK
333	334	Andrew Jackson	1829–1837	1767-1845	1767	1845	wikidata	OK
334	335	Martin Van Buren	1837–1841	1782-1862	1782	1862	wikidata	OK
335	336	William Henry Harrison	1841–1841	1773-1841	1773	1841	wikidata	OK
336	337	John Tyler	1841–1845	1790-1862	1790	1862	wikidata	OK
337	338	James K. Polk	1845–1849	1795-1849	1795	1849	wikidata	OK
338	339	Zachary Taylor	1849–1850	1784-1850	1784	1850	wikidata	OK
339	340	Millard Fillmore	1850–1853	1800-1874	1800	1874	wikidata	OK
340	341	Franklin Pierce	1853–1857	1804-1869	1804	1869	wikidata	OK
341	342	James Buchanan	1857–1861	1791-1868	1791	1868	wikidata	OK
342	343	Abraham Lincoln	1861–1865	1809-1865	1809	1865	wikidata	OK
343	344	Andrew Johnson	1865–1869	1808-1875	1808	1875	wikidata	OK
344	345	Ulysses S. Grant	1869–1877	1822-1885	1822	1885	wikidata	OK
345	346	Rutherford Birchard Hayes	1877–1881	1822-1893	1822	1893	wikidata	OK
346	347	James A. Garfield	1881–1881	1831-1881	1831	1881	wikidata	OK
347	348	Chester A. Arthur	1881–1885	1829-1886	1829	1886	wikidata	OK
348	349	Grover Cleveland	1885–1897	1837-1908	1837	1908	wikidata	OK
349	350	Benjamin Harrison	1889–1893	1833-1901	1833	1901	wikidata	OK
350	351	William McKinley	1897–1901	1843-1901	1843	1901	wikidata	OK
351	352	Theodore Roosevelt	1901–1909	1858-1919	1858	1919	wikidata	OK
352	353	William H. Taft	1909–1913	1857-1930	1857	1930	wikidata	OK
353	354	Woodrow Wilson	1913–1921	1856-1924	1856	1924	wikidata	OK
354	355	Warren G. Harding	1921–1923	1865-1923	1865	1923	wikidata	OK
355	356	Calvin Coolidge	1923–1929	1872-1933	1872	1933	wikidata	OK
356	357	Herbert Hoover	1929–1933	1874-1964	1874	1964	wikidata	OK
357	358	Franklin D. Roosevelt	1933–1945	1882-1945	1882	1945	wikidata	OK
358	359	Harry S. Truman	1945–1953	1884-1972	1884	1972	wikidata	OK
359	360	Dwight D. Eisenhower	1953–1961	1890-1969	1890	1969	wikidata	OK
360	361	John F. Kennedy	1961–1963	1917-1963	1917	1963	wikidata	OK
361	362	Lyndon B. Johnson	1963–1969	1908-1973	1908	1973	wikidata	OK
362	363	Richard M. Nixon	1969–1974	1913-1994	1913	1994	wikidata	OK
363	364	Gerald R. Ford	1974–1977	1913-2006	1913	2006	wikidata	OK
364	365	Jimmy Carter	1977–1981	1924-	1924	2024	wikidata	OK
365	366	Ronald Reagan	1981–1989	1911-2004	1911	2004	wikidata	OK
366	367	George Bush	1989–1993	1924-2018	1924	2018	wikidata	OK
367	368	Bill Clinton	1993–2001	1946-	1946		wikidata	OK born only
368	369	George W. Bush	2001–2009	1946-	1946		wikidata	OK born only
369	370	Barack Obama	2009–2017	1961-	1961		wikidata	OK born only
370	371	Donald J. Trump	2017–2029	1946-	1946		wikidata	OK born only
371	372	Joseph R. Biden	2021–2025	1942-	1942		wikidata	OK born only
372	373	Robert Walpole	1721–1742	1676-1745	1676	1745	wikidata	OK
373	374	Spencer Compton	1742–1743	1673-1743	1674	1743	wikidata	OK
374	375	Henry Pelham	1743–1754	1694-1754	1694	1754	wikidata	OK
375	376	Thomas Pelham-Holles	1754–1762	1693-1768	1693	1768	wikidata	OK
376	377	William Cavendish	1756–1757	1720-1764	1720	1764	wikidata	OK
377	378	John Stuart	1762–1763	1713-1792	1713	1792	wikidata	OK
378	379	George Grenville	1763–1765	1712-1770	1712	1770	wikidata	OK
379	380	Charles Watson Wentworth	1765–1782	1730-1782	1730	1782	wikidata	OK
380	381	William Pitt, the Elder	1766–1768	1708-1778	1708	1778	wikidata	OK
381	382	Augustus Henry Fitzroy	1768–1770	1735-1811	1735	1811	wikidata	OK
382	383	Frederick North	1770–1782	1732-1792	1732	1792	wikidata	OK
383	384	William Petty-Fitzmaurice	1782–1783	1737-1805	1737	1805	wikidata	OK
384	385	William Henry Cavendish-Bentinck	1783–1809	1738-1809	1738	1809	wikidata	OK
385	386	William Pitt, the Younger	1783–1806	1759-1806	1759	1806	wikidata	OK
386	387	Henry Addington	1801–1804	1757-1844	1757	1844	wikidata	OK
387	388	William Wyndham Grenville	1806–1807	1759-1834	1759	1834	wikidata	OK
388	389	Spencer Perceval	1809–1812	1762-1812	1762	1812	wikidata	OK
389	390	Robert Banks Jenkinson	1812–1827	1770-1828	1770	1828	wikidata	OK
390	391	George Canning	1827–1827	1770-1827	1770	1827	wikidata	OK
391	392	Frederick John Robinson	1827–1828	1782-1859	1782	1859	wikidata	OK
392	393	Arthur Wellesley	1828–1834	1769-1852	1769	1852	wikidata	OK
393	394	Charles Grey	1830–1834	1764-1845	1764	1845	wikidata	OK
394	395	William Lamb	1834–1841	1779-1848	1779	1848	wikidata	OK
395	396	Robert Peel	1834–1846	1788-1850	1788	1850	wikidata	OK
396	397	John Russell	1846–1866	1792-1878	1792	1878	wikidata	OK
397	398	Edward Geoffrey Stanley	1852–1868	1799-1869	1799	1869	wikidata	OK
398	399	George Hamilton-Gordon	1852–1855	1784-1860	1784	1860	wikidata	OK
399	400	Henry John Temple	1855–1865		1784	1865	wikidata	OK
400	401	Benjamin Disraeli	1868–1880	1804-1881	1804	1881	wikidata	OK
401	402	William Ewart Gladstone	1868–1894	1809-1898	1809	1898	wikidata	OK
402	403	Robert Cecil	1885–1902	1830-1903	1830	1903	wikidata	OK
403	404	Archibald Philip Primrose	1894–1895	1847-1929	1847	1929	wikidata	OK
435	405	Arthur James Balfour	1902–1905	1848-1930	1848	1930	wikidata	OK
404	406	Henry Campbell-Bannerman	1905–1908	1836-1908	1836	1908	wikidata	OK
405	407	H.H. Asquith	1908–1916	1852-1928	1852	1928	wikidata	OK
406	408	David Lloyd George	1916–1922	1863-1945	1863	1945	wikidata	OK
407	409	Andrew Bonar Law	1922–1923	1858-1923	1858	1923	wikidata	OK
408	410	Stanley Baldwin	1923–1937	1867-1947	1867	1947	wikidata	OK
409	411	Ramsay Macdonald	1924–1935	1866-1937	1866	1937	wikidata	OK
410	412	Neville Chamberlain	1937–1940	1869-1940	1869	1940	wikidata	OK
411	413	Winston Churchill	1940–1955	1874-1965	1874	1965	wikidata	OK
412	414	Clement Attlee	1945–1951	1883-1967	1883	1967	wikidata	OK
413	415	Anthony Eden	1955–1957	1897-1977	1897	1977	wikidata	OK
414	416	Harold Macmillan	1957–1963	1894-1986	1894	1986	wikidata	OK
415	417	Alec Douglas-Home	1963–1964	1903-1995	1903	1995	wikidata	OK
416	418	Harold Wilson	1964–1976	1916-1995	1916	1995	wikidata	OK
417	419	Edward Heath	1970–1974	1916-2005	1916	2005	wikidata	OK
418	420	James Callaghan	1976–1979	1912-2005	1912	2005	wikidata	OK
419	421	Margaret Thatcher	1979–1990	1925-2013	1925	2013	wikidata	OK
420	422	John Major	1990–1997	1943-	1943		wikidata	OK born only
421	423	Tony Blair	1997–2007	1953-	1953		wikidata	OK born only
422	424	Gordon Brown	2007–2010	1951-	1951		wikidata	OK born only
423	425	David Cameron	2010–2016	1966-	1966		wikidata	OK born only
424	426	Theresa May	2016–2019	1956-	1956		wikidata	OK born only
425	427	Boris Johnson	2019–2022	1964-	1964		wikidata	OK born only
426	428	Liz Truss	2022–2022	1975-	1975		wikidata	OK born only
427	429	Rishi Sunak	2022–2024	1980-	1980		wikidata	OK born only
825	430	Clovis I	481–511		466	511	wikidata	OK
826	431	Chlothar I	511–561		498	561	wikidata	OK
827	432	Chilperic I	561–584		537	584	wikidata	OK
828	433	Chlothar II	584–629		584	629	wikidata	OK
829	434	Dagobert I	629–639		611	639	wikidata	OK
830	435	Childeric III	743–751		714	754	wikidata	OK
428	436	Pepin	751–768		715	768	wikidata	OK
429	437	Carloman	768–771					NO-DATE on wikidata
430	438	Charlemagne	768–814	748-814	748	814	wikidata	OK
431	439	Louis I	814–840		778	840	wikidata	OK
432	440	Lothair I	818–855		795	855	wikidata	OK
433	441	Louis II	840–875					NO-QID
434	442	Charles II	843–877		823	877	wikidata	OK
436	443	Charles III	876–887		839	888	wikidata	OK
437	444	Louis II	877–879					NO-QID
438	445	Louis III (king of the West Franks)	879–882		863	882	wikidata	OK
439	446	Carloman II	879–884		866	884	wikidata	OK
440	447	Arnulf	887–899		850	899	wikidata	OK
441	448	Eudes	888–898					NO-QID
442	449	Charles III	898–922		879	929	wikidata	OK
443	450	Louis IV	899–911		893	911	wikidata	OK
444	451	Robert I	922–923		860	923	wikidata	OK
445	452	Rudolf	923–936		890	936	wikidata	OK
446	453	Louis IV d'Outremer	936–954		920	954	wikidata	OK
447	454	Lothar	954–986		941	986	wikidata	OK
448	455	Louis V	986–987		967	987	wikidata	OK
449	456	Hugh Capet	987–996		940	996	wikidata	OK
450	457	Robert II	996–1031		972	1031	wikidata	OK
451	458	Henry I of France	1031–1060		1008	1060	wikidata	OK
452	459	Philip I	1060–1108		1052	1108	wikidata	OK
453	460	Louis VI	1108–1137		1081	1137	wikidata	OK
454	461	Louis VII	1137–1180		1120	1180	wikidata	OK
455	462	Philip II	1180–1223		1165	1223	wikidata	OK
456	463	Louis VIII	1223–1226		1187	1226	wikidata	OK
457	464	Louis IX	1226–1270		1214	1270	wikidata	OK
458	465	Philip III	1270–1285		1245	1285	wikidata	OK
459	466	Philip IV	1285–1314		1268	1314	wikidata	OK
460	467	Louis X	1314–1316		1289	1316	wikidata	OK
461	468	John I	1316–1316		1316	1316	wikidata	OK
462	469	Philip V	1316–1322		1293	1322	wikidata	OK
463	470	Charles IV of France	1322–1328		1294	1328	wikidata	OK
464	471	Philip VI	1328–1350					NO-QID
465	472	John II, the Good	1350–1364		1319	1364	wikidata	OK
466	473	Charles V of France	1364–1380		1338	1380	wikidata	OK
467	474	Charles VI of France	1380–1422		1368	1422	wikidata	OK
468	475	Charles VII of France	1422–1461		1403	1461	wikidata	OK
469	476	Louis XI	1461–1483					NO-QID
470	477	Charles VIII	1483–1498					NO-QID
471	478	Louis XII	1498–1515		1462	1515	wikidata	OK
472	479	Francis I of France	1515–1547		1494	1547	wikidata	OK
473	480	Henri II	1547–1559					NO-DATE on wikidata
474	481	Francis II of France	1559–1560		1544	1560	wikidata	OK
475	482	Charles IX	1560–1574					NO-DATE on wikidata
476	483	Henri III	1574–1589		1551	1589	wikidata	OK
477	484	Henri IV	1589–1610		1553	1610	wikidata	OK
478	485	Louis XIII	1610–1643		1601	1643	wikidata	OK
479	486	Louis XIV	1643–1715		1638	1715	wikidata	OK
480	487	Louis XV	1715–1774		1710	1774	wikidata	OK
481	488	Louis XVI	1774–1792		1754	1793	wikidata	OK
482	489	Louis (XVII)	1793–1795					NO-DATE on wikidata
487	490	National Convention	1792–1795					NO-DATE on wikidata
488	491	Directory	1795–1799					NO-DATE on wikidata
483	492	Consulate (Napoleon Bonaparte)	1799–1804					NO-DATE on wikidata
490	493	Napoleon I (Napoleon Bonaparte)	1804–1814		1769	1821	wikidata	OK
491	494	Napoleon (II)	1815–1815					NO-URL no title match
484	495	Louis XVIII	1815–1824		1755	1824	wikidata	OK
485	496	Charles X	1824–1830					NO-DATE on wikidata
486	497	Louis-Philippe	1830–1848		1773	1850	wikidata	OK
492	498	Louis-Napoléon Bonaparte	1848–1870					NO-DATE on wikidata
493	499	Adolphe Thiers	1871–1873		1797	1877	wikidata	OK
494	500	Patrice de Mac-Mahon	1873–1879		1808	1893	wikidata	OK
495	501	Jules Grévy	1879–1887		1807	1891	wikidata	OK
496	502	Sadi Carnot	1887–1894					NO-DATE on wikidata
497	503	Jean Casimir-Périer	1894–1895		1847	1907	wikidata	OK
498	504	Félix Faure	1895–1899		1841	1899	wikidata	OK
499	505	Émile Loubet	1899–1906		1838	1929	wikidata	OK
500	506	Armand Fallières	1906–1913		1841	1931	wikidata	OK
501	507	Raymond Poincaré	1913–1920		1860	1934	wikidata	OK
502	508	Paul Deschanel	1920–1920		1855	1922	wikidata	OK
503	509	Alexandre Millerand	1920–1924		1859	1943	wikidata	OK
504	510	Gaston Doumergue	1924–1931		1863	1937	wikidata	OK
505	511	Paul Doumer	1931–1932		1857	1932	wikidata	OK
506	512	Albert Lebrun	1932–1940		1871	1950	wikidata	OK
507	513	Philippe Pétain	1940–1944		1856	1951	wikidata	OK
489	514	Provisional government	1944–1946					NO-DATE on wikidata
508	515	Vincent Auriol	1947–1954		1884	1966	wikidata	OK
509	516	René Coty	1954–1959		1882	1962	wikidata	OK
510	517	Charles de Gaulle	1959–1969		1890	1970	wikidata	OK
511	518	Georges Pompidou	1969–1974		1911	1974	wikidata	OK
512	519	Valéry Giscard d'Estaing	1974–1981		1926	2020	wikidata	OK
513	520	François Mitterrand	1981–1995		1916	1996	wikidata	OK
514	521	Jacques Chirac	1995–2007		1932	2019	wikidata	OK
515	522	Nicolas Sarkozy	2007–2012		1955		wikidata	OK born only
516	523	François Hollande	2012–2017		1954		wikidata	OK born only
517	524	Emmanuel Macron	2017–2025		1977		wikidata	OK born only
518	525	Anastasius I	491–518	430-518	430	518	wikidata	OK
519	526	Justin I	518–527	450-527	450	527	wikidata	OK
520	527	Justinian I	521–565	482-565	482	565	wikidata	OK
521	528	Justin II	565–578	520-578	520	578	wikidata	OK
936	529	Tiberius II	578–582	520-582	520	582	wikidata	OK
522	530	Maurice	582–602	539-602	539	602	wikidata	OK
523	531	Phocas	602–610	547-610	547	610	wikidata	OK
524	532	Heraclius	309–641	575-641				MISMATCH born 575 after reign start 309
525	533	Heraclonas	641–641		618	641	wikidata	OK
526	534	Constantine III	641–641		612	641	wikidata	OK
527	535	Constans II Pogonatus	641–668	630-668	630	668	wikidata	OK
528	536	Constantine IV	668–685	652-685	652	685	wikidata	OK
529	537	Justinian II	685–711	669-711	669	711	wikidata	OK
938	538	Leontius	695–698		660	706	wikidata	OK
939	539	Tiberius III	698–705			706	wikidata	OK died only
530	540	Philippicus Bardanes	711–713	-		714	wikidata	OK died only
531	541	Anastasios II	713–715			719	wikidata	OK died only
532	542	Leo III	717–741	685-741	675	741	wikidata	OK wikidata over sheet 685-741
533	543	Constantine V	741–775	718-775	718	775	wikidata	OK
534	544	Leo IV	775–780		750	780	wikidata	OK
535	545	Constantine VI	780–797		771	798	wikidata	OK
937	546	Irene of Athens	797–802	752-803	752	803	wikidata	OK
536	547	Nicephorus I	802–811	750-811	750	811	wikidata	OK
940	548	Staurakios	811–811		775	812	wikidata	OK
537	549	Michael I Rhangabe	811–813	770-844	770	844	wikidata	OK
538	550	Leo V	813–820	775-820	775	820	wikidata	OK
539	551	Michael II	820–829	770-829	770	829	wikidata	OK
941	552	Theophilos	829–842	813-842	813	842	wikidata	OK
540	553	Michael III	842–867	840-867	840	867	wikidata	OK
541	554	Basil I	867–886	811-886	811	886	wikidata	OK
542	555	Leo VI	886–912	866-912	866	912	wikidata	OK
543	556	Alexander	912–913		872	913	wikidata	OK
544	557	Constantine VII Porphyrogenitus	913–959	905-959	905	959	wikidata	OK
545	558	Romanus I Lecapenus	920–944		870	948	wikidata	OK
546	559	Romanus II	959–963	938-963	938	963	wikidata	OK
547	560	Nicephorus II Phocas	963–969	912-969	912	969	wikidata	OK
548	561	John I Tzimisces	969–976	925-976	925	976	wikidata	OK
549	562	Basil II	976–1025	958-1025	958	1025	wikidata	OK
550	563	Constantine VIII	1025–1028	960-1028	960	1028	wikidata	OK
942	564	Romanos III Argyros	1028–1034	968-1034	968	1034	wikidata	OK
551	565	Michael IV	1034–1041	1010-1041	1010	1041	wikidata	OK
552	566	Michael V Calaphates	1041–1042	1015-1042	1015	1042	sheet	OK
943	567	Zoe Porphyrogenita	1042–1042	978-1050	978	1050	wikidata	OK
553	568	Constantine IX Monomachus	1042–1055	1000-1055	1000	1055	wikidata	OK
944	569	Theodora Porphyrogenita	1055–1056	980-1056	984	1056	wikidata	OK wikidata over sheet 980-1056
554	570	Michael VI Stratioticus	1056–1057	-1059	995	1059	wikidata	OK
555	571	Isaac I Comnenus	1057–1059	1007-1060	1007	1060	wikidata	OK
556	572	Constantine X Ducas	1059–1067	1006-1067	1006	1067	wikidata	OK
945	573	Romanos IV Diogenes	1068–1071	1030-1071	1030	1072	wikidata	OK
557	574	Michael VII Ducas	1071–1078	1050-1090	1050	1090	wikidata	OK
558	575	Nicephorus III Botaneiates	1078–1081	1002-1081	1001	1081	wikidata	OK
559	576	Alexius I Comnenus	1081–1118	1048-1118	1048	1118	wikidata	OK
560	577	John II Comnenus	1118–1143	1087-1143	1087	1143	wikidata	OK
561	578	Manuel I Comnenus	1143–1180	1118-1180	1118	1180	wikidata	OK
562	579	Alexius II Comnenus	1180–1183	1169-1183	1169	1183	wikidata	OK
563	580	Andronicus I Comnenus	1183–1185	1118-1185	1118	1185	wikidata	OK
564	581	Isaac II Angelus	1185–1195	1156-1204	1155	1204	wikidata	OK
565	582	Alexius III Angelus	1195–1203	1153-1211	1153	1211	wikidata	OK
566	583	Alexius IV Angelus	1203–1204	-1204	1182	1204	wikidata	OK
567	584	Alexius V Ducas	1204–1204		1140	1204	wikidata	OK
568	585	Baldwin I	1204–1205		1172	1205	wikidata	OK
569	586	Baldwin II Porphyrogenitus	1228–1261		1217	1273	wikidata	OK
570	587	Michael VIII Palaeologus	1261–1282	1224-1282	1224	1282	wikidata	OK
571	588	Andronicus II Palaeologus	1282–1328	1259-1332	1259	1332	wikidata	OK
572	589	Andronicus III Palaeologus	1328–1341	1297-1341	1297	1341	wikidata	OK
573	590	John V Palaeologus	1341–1391	1332-1391	1332	1391	wikidata	OK
574	591	John VI Cantacuzenus	1347–1354	1292-1383	1292	1383	wikidata	OK
575	592	Andronicus IV Palaeologus	1376–1379		1348	1385	wikidata	OK
576	593	John VII Palaeologus	1390–1390		1370	1408	wikidata	OK
577	594	Manuel II Palaeologus	1391–1425	1350-1425	1350	1425	wikidata	OK
578	595	John VIII Palaeologus	1421–1448	1392-1448	1392	1448	wikidata	OK
579	596	Constantine XI Palaeologus	1449–1453	1404-1453	1404	1453	wikidata	OK
580	597	Shihuangdi	-221–-210		-259	-210	wikidata	OK
581	598	Gaozu of Han	-202–-195		-256	-195	wikidata	OK
582	599	Wen of Han	-180–-157		-203	-157	wikidata	OK
583	600	Jingdi	-157–-141		-188	-141	wikidata	OK
584	601	Wu of Han	-141–-87		-156	-87	wikidata	OK
585	602	Xuandi	-74–-49					NO-DATE on wikidata
586	603	Yuandi	-49–-33					NO-DATE on wikidata
587	604	Pingdi	-1–5					NO-URL no title match
588	605	Guangwudi	25–57					NO-URL no title match
589	606	Mingdi	57–75					NO-URL no title match
590	607	Zhangdi	75–88					NO-URL no title match
591	608	Wang Mang	-45–23		-45	23	wikidata	OK
592	609	Cao Pi	220–226		187	226	wikidata	OK
593	610	Sun Quan	229–252		182	252	wikidata	OK
594	611	Wei dynasty	386–535					NO-DATE on wikidata
595	612	Xiaowendi	471–499					NO-URL no title match
596	613	Wu of Jin	265–290		236	290	wikidata	OK
821	614	Hui of Jin	290–307					NO-QID
822	615	Huai of Jin	307–313		284	313	wikidata	OK
823	616	Min of Jin	313–318			318	wikidata	OK died only
824	617	Yuan of Jin	318–323		276	323	wikidata	OK
597	618	Wudi	502–549					NO-DATE on wikidata
598	619	Wendi	581–604					NO-DATE on wikidata
599	620	Yangdi	604–618		569	618	wikidata	OK
600	621	Gaozu	618–626					NO-DATE on wikidata
601	622	Taizong of Tang	626–649		598	649	wikidata	OK
602	623	Gaozong of Tang	649–683		628	683	wikidata	OK
603	624	Ruizong	684–712					NO-DATE on wikidata
604	625	Xuanzong	712–756					NO-DATE on wikidata
605	626	Dezong	779–805					NO-DATE on wikidata
606	627	Wenzong	827–840					NO-DATE on wikidata
607	628	Zhu Wen	907–923					MISMATCH died 912 before reign end 923
608	629	Taizu	960–976					NO-DATE on wikidata
609	630	Taizong	976–997					NO-DATE on wikidata
610	631	Zhenzong	997–1022		968	1022	wikidata	OK
611	632	Renzong	1022–1063					NO-DATE on wikidata
612	633	Shenzong	1067–1085					NO-DATE on wikidata
613	634	Huizong	1100–1126					NO-DATE on wikidata
614	635	Qinzong	1126–1127		1100	1161	wikidata	OK
615	636	Li Yuanhao	1038–1048		1003	1048	wikidata	OK
616	637	Gaozong	1127–1162					NO-DATE on wikidata
617	638	Ningzong	1195–1224		1168	1224	wikidata	OK
618	639	Kublai Khan	1271–1294		1215	1294	wikidata	OK
619	640	Temür	1295–1307					NO-DATE on wikidata
620	641	Buyantu	1311–1320		1285	1320	wikidata	OK
621	642	Togon-temür	1333–1368		1320	1370	wikidata	OK
622	643	Hongwu	1368–1398		1328	1398	wikidata	OK
623	644	Yongle	1402–1424		1360	1424	wikidata	OK
624	645	Zhengtong	1435–1464		1427	1464	wikidata	OK
625	646	Jingtai	1449–1457					NO-DATE on wikidata
626	647	Zhengde	1505–1521		1491	1521	wikidata	OK
627	648	Jiajing	1521–1567		1507	1567	wikidata	OK
628	649	Longqing	1567–1572		1537	1572	wikidata	OK
629	650	Wanli	1572–1620					NO-DATE on wikidata
630	651	Tianqi	1620–1627					NO-DATE on wikidata
631	652	Chongzhen	1627–1644		1611	1644	wikidata	OK
632	653	Shunzhi	1644–1661		1638	1661	wikidata	OK
633	654	Kangxi	1661–1722		1654	1722	wikidata	OK
634	655	Yongzheng	1722–1735		1678	1735	wikidata	OK
635	656	Qianlong	1735–1796		1711	1799	wikidata	OK
636	657	Jiaqing	1796–1820		1760	1820	wikidata	OK
637	658	Daoguang	1820–1850		1782	1850	wikidata	OK
638	659	Xianfeng	1850–1861					NO-DATE on wikidata
639	660	Tongzhi	1861–1875					NO-DATE on wikidata
640	661	Guangxu	1875–1908		1871	1908	wikidata	OK
641	662	Puyi	1908–1912		1906	1967	wikidata	OK
648	663	Guy II	891–894					NO-DATE on wikidata
649	664	Lambert of Spoleto	892–898		880	898	wikidata	OK
651	665	Louis III	901–905					NO-DATE on wikidata
652	666	Berengar	915–924					NO-DATE on wikidata
653	667	Otto I	962–973		912	973	wikidata	OK
654	668	Otto II	967–983		955	983	wikidata	OK
655	669	Otto III	996–1002		980	1002	wikidata	OK
656	670	Heinrich II	1014–1024					NO-DATE on wikidata
657	671	Conrad II	1027–1039		990	1039	wikidata	OK
658	672	Heinrich III	1046–1056					NO-DATE on wikidata
659	673	Heinrich IV	1084–1106					NO-DATE on wikidata
660	674	Heinrich V	1111–1125		1086	1125	wikidata	OK
661	675	Lothar III	1133–1137		1075	1137	wikidata	OK
662	676	Frederick I	1152–1190					NO-DATE on wikidata
663	677	Heinrich VI	1191–1197		1165	1197	wikidata	OK
664	678	Otto IV	1209–1215		1175	1218	wikidata	OK
665	679	Frederick II	1198–1250					NO-DATE on wikidata
666	680	Heinrich VII	1312–1313		1275	1313	wikidata	OK
667	681	Louis IV	1328–1347					NO-DATE on wikidata
668	682	Charles IV	1355–1378		1316	1378	wikidata	OK
669	683	Sigismund	1433–1437					NO-DATE on wikidata
670	684	Frederick III	1452–1493					NO-DATE on wikidata
671	685	Maximilian I	1493–1519					NO-DATE on wikidata
672	686	Charles V	1516–1556		1500	1558	wikidata	OK
673	687	Ferdinand I	1558–1564		1503	1564	wikidata	OK
674	688	Maximilian II	1564–1576					NO-DATE on wikidata
675	689	Rudolf II	1576–1612		1552	1612	wikidata	OK
676	690	Matthias	1612–1619					NO-DATE on wikidata
677	691	Ferdinand II	1619–1637					NO-DATE on wikidata
678	692	Ferdinand III	1637–1657					NO-DATE on wikidata
679	693	Leopold I	1658–1705					NO-DATE on wikidata
680	694	Joseph I	1705–1711					NO-DATE on wikidata
681	695	Charles VI	1711–1740					NO-DATE on wikidata
682	696	Charles VII	1742–1745					NO-DATE on wikidata
683	697	Francis I	1745–1765					NO-DATE on wikidata
684	698	Joseph II	1765–1790		1741	1790	wikidata	OK
685	699	Leopold II	1790–1792					NO-DATE on wikidata
687	700	Augustus	-43–14		-63	14	wikidata	OK
688	701	Tiberius	14–37		-42	37	wikidata	OK
689	702	Caligula	37–41		12	41	wikidata	OK
690	703	Claudius	37–54		-10	54	wikidata	OK
691	704	Nero	54–68		37	68	wikidata	OK
692	705	Galba	33–69		-3	69	wikidata	OK
693	706	Otho	69–69		32	69	wikidata	OK
694	707	Aulus Vitellius	69–69		15	69	wikidata	OK
695	708	Vespasian	51–79		9	79	wikidata	OK
696	709	Titus	70–81	Imp. T. Caesar Vespasianus Augustus	39	81	wikidata	OK
697	710	Domitian	71–96		51	96	wikidata	OK
698	711	Nerva	71–98		30	98	wikidata	OK
699	712	Trajan	91–117		53	117	wikidata	OK
700	713	Hadrian	108–138		76	138	wikidata	OK
701	714	Antoninus Pius	120–161		86	161	wikidata	OK
702	715	Marcus Aurelius	140–180		121	180	wikidata	OK
703	716	Lucius Verus	161–169		130	169	wikidata	OK
704	717	Commodus	177–192		161	192	wikidata	OK
705	718	Publius Helvius Pertinax	193–193		126	193	wikidata	OK
706	719	Marcus Didius Severus Julianus	193–193					NO-URL no title match
707	720	Septimius Severus	190–211		146	211	wikidata	OK
708	721	Caracalla	198–217		188	217	wikidata	OK
709	722	Publius Septimius Geta	203–211					NO-DATE on wikidata
710	723	Macrinus	217–218		164	218	wikidata	OK
711	724	Elagabalus	218–222		203	222	wikidata	OK
712	725	Severus Alexander	222–235		208	235	wikidata	OK
713	726	Maximinus	235–238					NO-DATE on wikidata
714	727	Gordian I	238–238		159	238	wikidata	OK
715	728	Gordian II	238–238			238	wikidata	OK died only
716	729	Pupienus Maximus	238–238		178	238	wikidata	OK
717	730	Balbinus	213–238		178	238	wikidata	OK
718	731	Gordian III	238–244		225	244	wikidata	OK
719	732	Philip II	247–248		237	249	wikidata	OK
720	733	Decius	249–529					MISMATCH died 251 before reign end 529
721	734	Hostilian	251–251		230	251	wikidata	OK
722	735	Trebonianus Gallus	251–253		206	253	wikidata	OK
723	736	Aemilian	253–253		207	253	wikidata	OK
724	737	Valerian	253–260		200	264	wikidata	OK
725	738	Gallienus	253–268		218	268	wikidata	OK
726	739	Claudius II Gothicus	268–270		214	270	wikidata	OK
727	740	Quintillus	270–270		212	270	wikidata	OK
728	741	Aurelian	270–275		214	275	wikidata	OK
729	742	Tacitus	273–276		200	276	wikidata	OK
730	743	Florian	276–276					NO-DATE on wikidata
731	744	Probus	276–525					MISMATCH died 282 before reign end 525
732	745	Carus	282–283		222	283	wikidata	OK
733	746	Numerian	283–284		254	284	wikidata	OK
734	747	Carinus	283–285		250	285	wikidata	OK
735	748	Diocletian	284–308		244	316	wikidata	OK
736	749	Maximian	286–308		240	310	wikidata	OK
737	750	Constantius I	294–306		250	306	wikidata	OK
738	751	Galerius	294–311		258	311	wikidata	OK
739	752	Severus	189–307					NO-DATE on wikidata
740	753	Maxentius	306–312		278	312	wikidata	OK
741	754	Constantine		272-337	272	337	wikidata	OK
742	755	Galerius Valerius Maximinus	307–313		270	313	wikidata	OK
743	756	Licinius	308–324		263	325	wikidata	OK
744	757	Constantine II	320–340	316-340	316	340	wikidata	OK
745	758	Constantius II	326–361	317-361	317	361	wikidata	OK
746	759	Constans I	337–350	320-350	320	350	wikidata	OK
747	760	Gallus Caesar	351–354		325	354	wikidata	OK
748	761	Julian	356–363	331-363	331	363	wikidata	OK
749	762	Jovian	363–364	331-364	331	364	wikidata	OK
750	763	Valentinian I	364–375	321-375	321	375	wikidata	OK
751	764	Valens	364–378	328-378	328	378	sheet	OK
752	765	Procopius	365–366					MISMATCH born 500 after reign start 365
753	766	Gratian	366–383	359-383	359	383	wikidata	OK
754	767	Valentinian II	375–392		371	392	wikidata	OK
755	768	Theodosius I	379–395	347-395	347	395	wikidata	OK
756	769	Arcadius	383–406	377-408	377	408	wikidata	OK
757	770	Magnus Maximus	383–388		335	388	wikidata	OK
758	771	Honorius	386–423		384	423	wikidata	OK
759	772	Theodosius II	403–450	401-450	401	450	wikidata	OK
760	773	Constantius III	421–421		370	421	wikidata	OK
761	774	Valentinian III	425–455		419	455	wikidata	OK
762	775	Marcian	450–457	392-457	392	457	wikidata	OK
763	776	Petronius Maximus	433–455		396	455	wikidata	OK
764	777	Avitus	455–456		395	457	wikidata	OK
765	778	Majorian	457–461			461	wikidata	OK died only
766	779	Libius Severus	461–465		420	465	wikidata	OK
767	780	Procopius Anthemius	455–515					MISMATCH died 472 before reign end 515
768	781	Olybrius	472–526					MISMATCH died 472 before reign end 526
769	782	Glycerius	473–474		430		wikidata	OK born only
770	783	Julius Nepos	474–475		430	480	wikidata	OK
771	784	Romulus Augustulus	475–476		462		wikidata	OK born only
772	785	Leo I	457–474	401-474	401	474	wikidata	OK
773	786	Leo II	474–474		467	474	wikidata	OK
946	787	Basiliscus	465–476			476	wikidata	OK died only
774	788	Zeno	448–491	425-491	425	491	wikidata	OK
775	789	Peter I	1682–1725		1672	1725	wikidata	OK
776	790	Catherine	1725–1727					NO-DATE on wikidata
777	791	Peter II	1727–1730					NO-DATE on wikidata
778	792	Anna	1730–1740					NO-DATE on wikidata
779	793	Ivan VI	1740–1741		1740	1764	wikidata	OK
780	794	Elizabeth	1741–1761					NO-DATE on wikidata
781	795	Peter III	1762–1762					NO-DATE on wikidata
782	796	Catherine II	1762–1796		1729	1796	wikidata	OK
783	797	Paul	1796–1801					NO-DATE on wikidata
784	798	Alexander I	1801–1825		1777	1825	wikidata	OK
785	799	Nicholas I	1825–1855					NO-DATE on wikidata
786	800	Alexander II	1855–1881		1818	1881	wikidata	OK
787	801	Alexander III	1881–1894		1845	1894	wikidata	OK
788	802	Nicholas II	1894–1917		1868	1918	wikidata	OK
789	803	Daniel	1276–1303					NO-DATE on wikidata
790	804	Yury	1303–1325					NO-DATE on wikidata
791	805	Ivan I	1325–1340					NO-DATE on wikidata
792	806	Semyon (Simeon)	1340–1353					NO-DATE on wikidata
793	807	Ivan II	1353–1359					NO-DATE on wikidata
794	808	Dmitry (II) Donskoy	1359–1389		1350	1389	wikidata	OK
795	809	Vasily I	1389–1425		1371	1425	wikidata	OK
796	810	Vasily II	1425–1462		1415	1462	wikidata	OK
797	811	Ivan III	1462–1505		1440	1505	wikidata	OK
798	812	Vasily III	1505–1533		1479	1533	wikidata	OK
799	813	Ivan IV	1533–1584		1530	1584	wikidata	OK
800	814	Fyodor I	1584–1598		1557	1598	wikidata	OK
801	815	Boris Godunov	1598–1605		1552	1605	wikidata	OK
802	816	Fyodor II	1605–1605		1589	1605	wikidata	OK
803	817	False Dmitry	1605–1606					NO-DATE on wikidata
804	818	Vasily (IV) Shuysky	1606–1610		1552	1612	wikidata	OK
805	819	Interregnum	574–1660					NO-DATE on wikidata
806	820	Michael	1613–1645					NO-DATE on wikidata
807	821	Alexis	1645–1676					NO-DATE on wikidata
808	822	Fyodor III	1676–1682		1661	1682	wikidata	OK
813	823	Vladimir Ilich Lenin	1917–1924		1870	1924	wikidata	OK
814	824	Joseph Stalin	1924–1953		1878	1953	wikidata	OK
815	825	Georgy Malenkov	1953–1953		1902	1988	wikidata	OK
816	826	Nikita Khrushchev	1953–1964		1894	1971	wikidata	OK
817	827	Leonid Brezhnev	1964–1982		1906	1982	wikidata	OK
818	828	Yury Andropov	1982–1984		1914	1984	wikidata	OK
819	829	Konstantin Chernenko	1984–1985		1911	1985	wikidata	OK
820	830	Mikhail Gorbachev	1985–1991		1931	2022	wikidata	OK
810	831	Boris Yeltsin	1991–1999		1931	2007	wikidata	OK
811	832	Vladimir Putin	1999–2024		1952		wikidata	OK born only
812	833	Dmitry Medvedev	2008–2012		1965		wikidata	OK born only
831	834	Isabel I	1474–1504	1451-1504	1451	1504	wikidata	OK
832	835	Fernando II	1475–1516	1452-1516	1452	1516	wikidata	OK
833	836	Juana I	1504–1555	1479-1555	1479	1555	wikidata	OK
834	837	Felipe I	1506–1506	1478-1506	1478	1506	wikidata	OK
835	838	Felipe II	1556–1598	1527-1598	1527	1598	wikidata	OK
836	839	Felipe III	1598–1621	1578-1621	1578	1621	wikidata	OK
837	840	Felipe IV	1621–1665	1605-1665	1605	1665	wikidata	OK
838	841	Carlos II	1665–1700	1661-1700	1661	1700	wikidata	OK
839	842	Felipe V	1700–1746	1683-1746	1683	1746	wikidata	OK
840	843	Luis I	1724–1724	1707-1724	1707	1724	wikidata	OK
842	844	Fernando VI	1746–1759	1713-1759	1713	1759	wikidata	OK
843	845	Carlos III	1735–1788	1716-1788	1716	1788	wikidata	OK
844	846	Carlos IV	1788–1808	1748-1819	1748	1819	wikidata	OK
845	847	Fernando VII	1808–1833	1784-1833	1784	1833	wikidata	OK
846	848	Joseph Bonaparte	1806–1813	1768-1844	1768	1844	wikidata	OK
848	849	Isabel II	1833–1868	1830-1904	1830	1904	wikidata	OK
849	850	Amadeo	1870–1873	1845-1890	1845	1890	wikidata	OK
850	851	Alfonso XII	1874–1885	1857-1885	1857	1885	wikidata	OK
851	852	Alfonso XIII	1886–1931	1886-1941	1886	1941	wikidata	OK
852	853	Juan Carlos I	1975–2014	1938-2024	1938	2024	wikidata+sheet	OK
853	854	Felipe VI	2014–2025	1968-2024	1968	2024	wikidata+sheet	OK
854	855	Natalius	199–200					NO-DATE on wikidata
855	856	Saint Hippolytus	217–235		170	235	wikidata	OK
856	857	Novatian	251–258		220	258	wikidata	OK
857	858	Heraclius						NO-DATE on wikidata
858	859	Felix II	355–365			365	wikidata	OK died only
859	860	Ursicinus	366–367			384	wikidata	OK died only
860	861	Eulalius	418–419			423	wikidata	OK died only
861	862	Laurentius	498–506			507	wikidata	OK died only
862	863	Dioscorus	442–530			530	wikidata	OK died only
863	864	Theodore	687–687					NO-DATE on wikidata
864	865	Paschal (I)	687–687					NO-DATE on wikidata
865	866	Constantine II	767–768					NO-DATE on wikidata
866	867	Philip	244–768					NO-DATE on wikidata
867	868	John VIII			790	874	wikidata	OK
868	869	Anastasius III				879	wikidata	OK died only
869	870	Christopher	903–904			904	wikidata	OK died only
870	871	Boniface VII	974–985			985	wikidata	OK died only
871	872	John XVI	997–998			1001	wikidata	OK died only
872	873	Gregory VI						NO-DATE on wikidata
873	874	Benedict X	1058–1059			1074	wikidata	OK died only
874	875	Honorius II	1061–1064		1010	1072	wikidata	OK
875	876	Clement III			1025	1100	wikidata	OK
876	877	Theodoric	1100–1101			1102	wikidata	OK died only
877	878	Adalbert	1101–1102			1102	wikidata	OK died only
878	879	Sylvester IV	1105–1111		1050		wikidata	OK born only
879	880	Gregory VIII				1137	wikidata	OK died only
880	881	Celestine II				1126	wikidata	OK died only
881	882	Anacletus II	1130–1138		1091	1138	wikidata	OK
882	883	Victor IV	1138–1164					MISMATCH died 1139 before reign end 1164
883	884	Victor IV			1095	1164	wikidata	OK
884	885	Paschal III	1164–1168		1110	1168	wikidata	OK
885	886	Callixtus III	1168–1178			1179	wikidata	OK died only
886	887	Innocent III			1110	1183	wikidata	OK
887	888	Nicholas V			1260	1333	wikidata	OK
888	889	Clement VII			1342	1394	wikidata	OK
889	890	Benedict XIII			1328	1423	wikidata	OK
890	891	Alexander V	1409–1410		1339	1410	wikidata	OK
891	892	John XXIII	1410–1415		1370	1419	wikidata	OK
892	893	Clement VIII			1370	1447	wikidata	OK
893	894	Benedict XIV	1424–1430					NO-DATE on wikidata
894	895	Benedict XIV	1430–1437					NO-QID
895	896	Felix V	1439–1449		1383	1451	wikidata	OK
896	897	Kenneth I MacAlpin	843–858	810-858	810	858	wikidata	OK
897	898	Donald I	858–862	812-862	812	862	wikidata	OK
898	899	Constantine I	306–337	c. 272-337	272	337	wikidata	OK
899	900	Áed (Aodh)	877–878	838-878	840	878	wikidata	OK wikidata over sheet 838-878
900	901	Giric and Eochaid	878–889			890	wikidata	OK died only
901	902	Donald II	889–900	862-900	862	900	wikidata	OK
902	903	Constantine II	900–943	879-952	874	952	wikidata	OK wikidata over sheet 879-952
903	904	Malcolm I	943–954	897-954	897	954	wikidata	OK
904	905	Indulf	954–962			962	wikidata	OK died only
905	906	Dub	962–966	928-967	930	967	wikidata	OK wikidata over sheet 928-967
906	907	Culen	966–971	926-971	926	971	wikidata+sheet	OK
907	908	Kenneth II	971–995	932-995	932	995	wikidata	OK
908	909	Constantine III	995–997	970-997	971	997	wikidata	OK
909	910	Kenneth III	997–1005	967-1005	967	1005	wikidata+sheet	OK
910	911	Malcolm II	1005–1034	954-1034	954	1034	wikidata	OK
911	912	Duncan I	1034–1040	1001-1040	1001	1040	wikidata	OK
912	913	Macbeth	1040–1057	1005-1057	1005	1057	wikidata	OK
913	914	Lulach	1057–1058	1030-1058	1030	1058	wikidata	OK
914	915	Malcolm III Canmore	1058–1093	1031-1093	1031	1093	wikidata	OK
915	916	Donald III	1093–1097	1033-1099	1033	1099	wikidata	OK
916	917	Duncan II	1093–1094	1060-1094	1060	1094	wikidata	OK
917	918	Edgar	1097–1107	1074-1107	1074	1107	wikidata	OK
918	919	Alexander I	1107–1124	1078-1124	1078	1124	wikidata	OK
919	920	David I	1124–1153	1084-1153	1084	1153	wikidata	OK
920	921	Malcolm IV	1153–1165	1141-1165	1141	1165	wikidata	OK
921	922	William I	1165–1214	1142-1214	1143	1214	wikidata	OK
922	923	Alexander II	1214–1249	1198-1249	1198	1249	wikidata	OK
923	924	Alexander III	1249–1286	1241-1286	1241	1286	wikidata	OK
924	925	Margaret	1286–1290	1283-1290	1283	1290	wikidata	OK
925	926	John de Balliol	1292–1296	1249-1314	1249	1314	wikidata	OK
926	927	Robert I	1306–1329	1274-1329	1274	1329	wikidata	OK
927	928	David II	1329–1371	1324-1371	1324	1371	wikidata	OK
928	929	Robert II	1371–1390	1316-1390	1316	1390	wikidata	OK
929	930	Robert III	1390–1406	1337-1406	1337	1406	wikidata+sheet	OK
930	931	James I	1406–1437	1394-1437	1394	1437	wikidata	OK
931	932	James II	1437–1460	1430-1460	1430	1460	wikidata	OK
932	933	James III	1460–1488	1451-1488	1451	1488	wikidata	OK
933	934	James IV	1488–1513	1473-1513	1473	1513	wikidata	OK
934	935	James V	1513–1542	1512-1542	1512	1542	wikidata	OK
935	936	Mary I	1542–1567	1542-1587	1542	1587	wikidata	OK
964	937	Ruggero II	1130–1154	1095-1154	1095	1154	wikidata	OK
965	938	Guglielmo I	1154–1166	1131-1166	1120	1166	wikidata	OK wikidata over sheet 1131-1166
966	939	Guglielmo II	1166–1189	1155-1189	1153	1189	wikidata	OK wikidata over sheet 1155-1189
967	940	Tancredi	1189–1194	1138-1194	1138	1194	wikidata	OK
968	941	Ruggero III	1193–1194	1175-1193	1175	1193	wikidata	OK
969	942	Constanza	1194–1197	1154-1198	1154	1198	sheet	OK
970	943	Conrad IV	1250–1254	1228-1254	1228	1254	wikidata	OK
971	944	Manfredi	1258–1266	1232-1266	1232	1266	wikidata	OK
947	945	Carlo I	1266–1285	1226-1285	1226	1285	wikidata	OK
948	946	Carlo II	1285–1309	1254-1309	1254	1309	wikidata	OK
949	947	Roberto I	1309–1343	1277-1343	1277	1343	wikidata	OK
950	948	Giovanna I	1343–1382	1328-1382	1326	1382	wikidata	OK wikidata over sheet 1328-1382
951	949	Carlo III	1382–1386		1345	1386	wikidata	OK
952	950	Ladislao I	1386–1414		1377	1414	wikidata	OK
953	951	Giovanna II	1414–1435	1373-1435	1373	1435	wikidata	OK
954	952	Renato I	1435–1442	1409-1480	1409	1480	wikidata	OK
955	953	Alfonso I	1442–1458	1396-1458	1396	1458	wikidata	OK
956	954	Ferdinando I	1458–1494	1423-1494	1423	1494	wikidata	OK
957	955	Alfonso II	1494–1495	1448-1495	1448	1495	wikidata	OK
959	956	Federico I	1496–1501	1452-1504	1451	1504	wikidata	OK
958	957	Ferdinando II	1495–1496	1469-1496	1467	1496	wikidata	OK wikidata over sheet 1469-1496
961	958	Ferdinand IV	1759–1816	1751-1825	1751	1825	wikidata	OK
963	959	Joachim Murat	1808–1815	1767-1815	1767	1815	wikidata	OK
972	960	Jean Étienne Championnet	1799–1799	1762-1800	1762	1800	wikidata	OK
973	961	Jacques MacDonald	1799–1799	1765-1840	1765	1840	wikidata	OK
974	962	Odoacer	476–493	433-493	433	493	wikidata	OK
975	963	Theodoric	484–526	454-526	454	526	wikidata	OK
976	964	Athalaric	526–534	516-534	516	534	wikidata	OK
977	965	Theodahad	534–536	480-536	480	536	wikidata	OK
978	966	Witiges	536–540	?-542		542	wikidata	OK died only
979	967	Ildibad	540–541	?-541		541	wikidata	OK died only
980	968	Eraric	541–541	?-541		541	wikidata	OK died only
981	969	Totila	541–552	?-552	510	552	wikidata	OK
982	970	Teia	552–553	?-553		552	wikidata	OK died only
983	971	Alboin	568–572	-572	530	572	wikidata	OK
984	972	Cleph	572–574	-574		574	wikidata	OK died only
985	973	Authari	584–590	540-590	550	590	wikidata	OK wikidata over sheet 540-590
986	974	Agilulf	590–616	-616	555	616	wikidata	OK
987	975	Adaloald	616–626	602-626	602	626	wikidata	OK
988	976	Arioald	626–636	-636		636	wikidata	OK died only
989	977	Rothari	636–652	606-652	606	652	wikidata	OK
990	978	Rodoald	652–653	-653	637	653	wikidata	OK
991	979	Aripert I	653–661	-661		661	wikidata	OK died only
992	980	Godepert	661–662	-662	645	662	wikidata	OK
993	981	Perctarit	661–688	-688	645	688	wikidata	OK
994	982	Grimuald	662–671	610-671	610	671	sheet	OK
995	983	Garibald	671–671	-671				NO-QID
997	984	Cunipert	688–700	-700	660	700	wikidata	OK
998	985	Liutpert	700–702	-702	685	702	wikidata	OK
999	986	Raginpert	702–702	-702		701	wikidata	OK died only
1000	987	Aripert II	702–712	-712		712	wikidata	OK died only
1001	988	Ansprand	712–712	-712	657	712	wikidata	OK
1002	989	Liutprand	712–744	690-744	690	744	wikidata+sheet	OK
1003	990	Hugh of Arles	926–947	880-947	880	947	wikidata	OK
1004	991	Berengar II	950–966	900-966	900	966	wikidata	OK
1005	992	Hildeprand	744–744			744	wikidata	OK died only
1006	993	Ratchis	744–749	-757				NO-DATE on wikidata
1007	994	Aistulf	749–756	-756		756	wikidata	OK died only
1008	995	Desiderius	756–774	-786	710	786	wikidata	OK
686	996	Franz II	1792–1835	1768-1835	1768	1835	wikidata	OK
1009	997	Ferdinand I	1835–1848	1793-1875	1793	1875	wikidata	OK
1010	998	Franz Joseph I	1848–1916	1830-1916	1830	1916	wikidata	OK
1011	999	Karl I	1916–1918	1887-1922	1887	1922	wikidata	OK
1012	1000	Vittorio Emanuele II	1861–1878	1820-1878	1820	1878	wikidata	OK
1013	1001	Umberto I	1878–1900	1844-1900	1844	1900	wikidata	OK
1014	1002	Vittorio Emanuele III	1900–1946	1869-1947	1869	1947	wikidata	OK
1015	1003	Umberto II	1946–1946	1904-1983	1904	1983	wikidata	OK
1016	1004	L. Junius Brutus	-509–-509		-540	-509	wikidata	OK
1017	1005	Sp. Lucretius Tricipitinus	-509–-509			-509	wikidata	OK died only
1018	1006	M. Horatius Pulvillus	-509–-507					NO-DATE on wikidata
1019	1007	L. Tarquinius Collatinus	-509–-509					NO-DATE on wikidata
1020	1008	P. Valerius Poplicola	-509–-352					MISMATCH died -503 before reign end -352
1021	1009	T. Lucretius Tricipitinus	-508–-504					NO-DATE on wikidata
1022	1010	Sp. Larcius	-506–-490					NO-DATE on wikidata
1023	1011	T. Herminius Aquilinus	-506–-506			-499	wikidata	OK died only
1024	1012	M. Valerius Volusus	-505–-505			-499	wikidata	OK died only
1025	1013	P. Postumius Tubertus	-505–-503					NO-DATE on wikidata
1026	1014	Agrippa Menenius Lanatus	-503–-417					MISMATCH died -493 before reign end -417
1027	1015	Opiter Verginius Tricostus	-502–-502			-486	wikidata	OK died only
1028	1016	Sp. Cassius Vecellinus	-502–-486		-542	-485	wikidata	OK
1029	1017	Postumus Cominius Auruncus	-501–-493					NO-DATE on wikidata
1030	1018	T. Larcius	-501–-498					NO-DATE on wikidata
1031	1019	Ser. Sulpicius Camerinus Cornutus	-500–-451					MISMATCH died -463 before reign end -451
1032	1020	M. Tullius Longus	-500–-500			-500	wikidata	OK died only
1033	1021	T. Aebutius Helva	-499–-499					NO-DATE on wikidata
1034	1022	C. Veturius Geminus Cicurinus	-499–-499					NO-DATE on wikidata
1035	1023	Q. Cloelius Siculus	-498–-498					NO-DATE on wikidata
1036	1024	A. Sempronius Atratinus	-497–-416					NO-DATE on wikidata
1037	1025	M. Minucius Augurinus	-497–-491					NO-DATE on wikidata
1038	1026	A. Postumius Albus Regillensis	-496–-496					NO-DATE on wikidata
1039	1027	T. Verginius Tricostus Caeliomontanus	-496–-448					NO-DATE on wikidata
1040	1028	Ap. Claudius Sabinus Inregillensis	-495–-495		-540	-480	wikidata	OK
1041	1029	P. Servilius Priscus Structus	-495–-495					NO-DATE on wikidata
1042	1030	A. Verginius Tricostus Caeliomontanus	-494–-494					NO-DATE on wikidata
1043	1031	T. Veturius Geminus Cicurinus	-494–-494					NO-DATE on wikidata
1044	1032	T. Geganius Macerinus	-492–-492					NO-DATE on wikidata
1045	1033	P. Minucius Augurinus	-492–-492					NO-DATE on wikidata
1046	1034	Q. Sulpicius Camerinus Cornutus	-490–-398					NO-DATE on wikidata
1047	1035	C. Julius Iullus	-489–-405					NO-DATE on wikidata
1048	1036	P. Pinarius Mamercinus Rufus	-489–-489					NO-DATE on wikidata
1049	1037	Sp. Nautius Rutilus	-488–-316					NO-DATE on wikidata
1050	1038	Sex. Furius	-488–-488					NO-DATE on wikidata
1051	1039	T. Sicinius (or Siccius) Sabinus	-487–-487					NO-DATE on wikidata
1052	1040	C. Aquillius Tuscus	-487–-487		-520		wikidata	OK born only
1053	1041	Proculus Verginius Tricostus Rutilus	-486–-486					NO-DATE on wikidata
1054	1042	Q. Fabius Vibulanus	-485–-414					MISMATCH died -480 before reign end -414
1055	1043	Ser. Cornelius Maluginensis	-485–-368					MISMATCH died -453 before reign end -368
1056	1044	L. Aemilius Mamercus	-484–-473					NO-DATE on wikidata
1057	1045	K. Fabius Vibulanus	-484–-479					NO-DATE on wikidata
1058	1046	M. Fabius Vibulanus	-483–-433					MISMATCH died -477 before reign end -433
1059	1047	L. Valerius Potitus	-483–-392					NO-DATE on wikidata
1060	1048	C. Julius Iullus						NO-DATE on wikidata
1061	1049	Sp. Furius Fusus	-481–-481					NO-DATE on wikidata
1062	1050	Cn. Manlius Cincinnatus	-480–-480			-480	wikidata	OK died only
1063	1051	T. Verginius Tricostus Rutilus	-479–-479		-510	-463	wikidata	OK
1064	1052	C. Servilius Structus Ahala	-478–-478			-478	wikidata	OK died only
1065	1053	(Opiter Verginius? E)squilinus	-478–-478					NO-DATE on wikidata
1066	1054	C. (or M.) Horatius Pulvillus	-477–-457		-510	-453	wikidata	OK
1067	1055	T. Menenius Lanatus	-477–-440					MISMATCH died -476 before reign end -440
1068	1056	A. Verginius Tricostus Rutilus	-476–-476					NO-DATE on wikidata
1069	1057	Sp. (or C.) Servilius Structus	-476–-476					NO-DATE on wikidata
1070	1058	P. Valerius Poplicola				-460	wikidata	OK died only
1071	1059	C. Nautius Rutilus	-475–-287					NO-DATE on wikidata
1072	1060	L. Furius Medullinus	-474–-370					NO-DATE on wikidata
1073	1061	A. Manlius Vulso	-474–-178					NO-DATE on wikidata
1074	1062	Vopiscus Julius Iullus	-473–-473					NO-DATE on wikidata
1075	1063	L. Pinarius Mamercinus Rufus	-472–-472					NO-DATE on wikidata
1076	1064	P. Furius Medullinus Fusus	-472–-472			-464	wikidata	OK died only
1077	1065	Ap. Claudius Crassus Inregillensis Sabinus	-471–-450			-449	wikidata	OK died only
1078	1066	T. Quinctius Capitolinus Barbatus	-471–-405					NO-DATE on wikidata
1079	1067	Ti. Aemilius Mamercus	-470–-467					NO-DATE on wikidata
1080	1068	T. Numicius Priscus	-469–-469					NO-DATE on wikidata
1081	1069	A. Verginius Caeliomontanus	-469–-469					NO-DATE on wikidata
1082	1070	Q. Servilius Priscus	-468–-466					NO-DATE on wikidata
1083	1071	Q. Fabius Vibulanus						NO-DATE on wikidata
1084	1072	Sp. Postumius Albinus Regillensis	-466–-394					MISMATCH died -439 before reign end -394
1085	1073	A. Postumius Albinus Regillensis	-464–-381					NO-DATE on wikidata
1086	1074	Sp. Furius Medullinus Fusus	-464–-453			-453	wikidata	OK died only
1087	1075	P. Servilius Priscus	-463–-463			-463	wikidata	OK died only
1088	1076	L. Aebutius Helva	-463–-463			-463	wikidata	OK died only
1089	1077	L. Lucretius Tricipitinus	-462–-462					NO-DATE on wikidata
1090	1078	T. Veturius Geminus Cicurinus	-462–-451					NO-DATE on wikidata
1091	1079	P. Volumnius Amintinus Gallus	-461–-461					NO-DATE on wikidata
1092	1080	Ser. Sulpicius Camerinus Cornutus						NO-DATE on wikidata
1093	1081	L. Quinctius Cincinnatus	-460–-377					MISMATCH reign end -377 is 142y after birth -519
1094	1082	C. Claudius Inregillensis Sabinus	-460–-460			-460	wikidata	OK died only
1095	1083	L. Cornelius Maluginensis Uritinus	-459–-459					NO-DATE on wikidata
1096	1084	Carve(ntanus?)	-458–-458					NO-DATE on wikidata
1097	1085	L. Minucius Esquilinus Augurinus	-458–-450					NO-DATE on wikidata
1098	1086	Q. Minucius Esquilinus (or L. Postumius)	-457–-457					NO-DATE on wikidata
1099	1087	M. Valerius Maximus Lactuca	-456–-456					NO-DATE on wikidata
1100	1088	Sp. Verginius Tricostus Caeliomontanus	-456–-456					NO-DATE on wikidata
1101	1089	T. Romilius Rocus Vaticanus	-455–-451					NO-DATE on wikidata
1102	1090	C. Veturius Cicurinus	-455–-455		-500		wikidata	OK born only
1103	1091	Sp. Tarpeius Montanus Capitolinus	-454–-454					NO-DATE on wikidata
1104	1092	A. Aternius Varus Fontinalis	-454–-454					NO-DATE on wikidata
1105	1093	P. Curiatius Fistus Trigeminus	-453–-451					NO-DATE on wikidata
1106	1094	Sextus Quinctilius	-453–-453		-500	-453	wikidata	OK
1108	1095	T. Menenius Lanatus						NO-DATE on wikidata
1109	1096	P. Sestius Capitolinus Vaticanus	-452–-451					NO-DATE on wikidata
1113	1097	T. Genucius (or Minucius) Augurinus	-451–-451					NO-DATE on wikidata
1114	1098	M.(?) Sergius Esquilinus	-450–-450					NO-DATE on wikidata
1115	1099	T. Antonius Merenda	-450–-450					NO-DATE on wikidata
1116	1100	Sp. Oppius Cornicen	-450–-450			-449	wikidata	OK died only
1117	1101	M. Cornelius Maluginensis	-450–-367					NO-DATE on wikidata
1118	1102	Q. Poetelius	-450–-450					NO-DATE on wikidata
1119	1103	Caeso Duillius Longus	-450–-450					NO-DATE on wikidata
1120	1104	M. Rabuleius	-450–-450					NO-DATE on wikidata
1121	1105	L. Valerius Poplicola Potitus	-449–-449		-480		wikidata	OK born only
1122	1106	M. Horatius Turrinus Barbatus	-449–-449					NO-DATE on wikidata
1123	1107	Lars Herminius Coritinesanus	-448–-448					NO-DATE on wikidata
1124	1108	T. Verginius Tricostus Caeliomontanus						NO-DATE on wikidata
1125	1109	M. Geganius Macerinus	-447–-367					MISMATCH died -431 before reign end -367
1126	1110	C. Julius Iullus						NO-DATE on wikidata
1127	1111	Agrippa Furius Fusus	-446–-391					NO-DATE on wikidata
1128	1112	M. Genucius Augurinus	-445–-445					NO-DATE on wikidata
1129	1113	C. Curiatius Philo	-445–-445					NO-DATE on wikidata
1130	1114	A. Sempronius Atratinus						NO-DATE on wikidata
1131	1115	T. Cloelius Siculus	-444–-444					NO-DATE on wikidata
1132	1116	L. Papirius Mugillanus	-444–-380					NO-DATE on wikidata
1133	1117	L. Atilius Luscus	-444–-444					NO-QID
1134	1118	L. Sempronius Atratinus	-444–-34					NO-DATE on wikidata
1135	1119	M. Fabius Vibulanus						NO-DATE on wikidata
1136	1120	Postumus Aebutius Helva Cornicen	-442–-442					NO-DATE on wikidata
1137	1121	C. Furius Pacilus Fusus	-441–-426					NO-DATE on wikidata
1138	1122	M. Papirius Crassus	-441–-441					NO-DATE on wikidata
1139	1123	Proculus Geganius Macerinus	-440–-440					NO-QID
1140	1124	Agrippa Menenius Lanatus						NO-DATE on wikidata
1141	1125	Mam. Aemilius (Mamercinus?)	-438–-438					NO-DATE on wikidata
1142	1126	L. Julius Iullus	-438–-379					NO-DATE on wikidata
1143	1127	L. Quinctius Cincinnatus						NO-DATE on wikidata
1144	1128	L. Sergius Fidenas	-437–-397					NO-DATE on wikidata
1145	1129	M. (or A.) Cornelius Maluginensis	-436–-436					NO-QID
1146	1130	L. Papirius Crassus	-436–-330					NO-DATE on wikidata
1147	1131	(L. or Proculus) Verginius Tricostus	-435–-435					NO-DATE on wikidata
1148	1132	M. Manlius Capitolinus	-434–-392					NO-QID
1149	1133	Ser. Cornelius Cossus	-434–-434					NO-QID
1150	1134	Q. Sulpicius Camerinus Praetextatus	-434–-434					NO-DATE on wikidata
1151	1135	M. Foslius Flaccinator	-433–-433					NO-DATE on wikidata
1152	1136	L. Pinarius Mamercinus	-432–-432					NO-DATE on wikidata
1153	1137	Sp. Postumius Albus Regillensis	-451–-432					MISMATCH died -439 before reign end -432
1154	1138	L. Furius Medullinus						NO-DATE on wikidata
1155	1139	T. Quinctius Poenus Cincinnatus	-431–-426					NO-DATE on wikidata
1156	1140	C. Julius Mento	-431–-431					NO-DATE on wikidata
1157	1141	C. (or L.) Papirius Crassus	-430–-384					NO-DATE on wikidata
1158	1142	Hostus Lucretius Tricipitinus	-429–-429					NO-DATE on wikidata
1159	1143	A. Cornelius Cossus	-428–-367					NO-DATE on wikidata
1160	1144	C. Servilius Axilla	-427–-417					NO-DATE on wikidata
1161	1145	L. Papirius Mugillanus						NO-DATE on wikidata
1162	1146	M. Postumius Albinus Regillensis	-426–-426					NO-DATE on wikidata
1163	1147	A. Sempronius Atratinus						NO-DATE on wikidata
1164	1148	L. Horatius Barbatus	-425–-425					NO-QID
1165	1149	Ap. Claudius Crassus	-424–-403					NO-DATE on wikidata
1166	1150	Sp. Nautius Rutilus						NO-DATE on wikidata
1167	1151	Sex. Julius Iullus	-424–-424					NO-DATE on wikidata
1168	1152	C. Sempronius Atratinus	-423–-423					NO-DATE on wikidata
1169	1153	Q. Fabius Vibulanus						NO-DATE on wikidata
1170	1154	L. Manlius Capitolinus	-422–-422					NO-DATE on wikidata
1171	1155	Q. Antonius Merenda	-422–-422					NO-DATE on wikidata
1172	1156	N. (or Cn.) Fabius Vibulanus	-421–-407					NO-DATE on wikidata
1173	1157	T. Quinctius Capitolinus Barbatus						NO-DATE on wikidata
1174	1158	Quinctius Cincinnatus	-420–-420					NO-QID
1175	1159	M. Manlius Vulso	-420–-420					NO-DATE on wikidata
1176	1160	Sp. Nautius Rutilus						NO-DATE on wikidata
1177	1161	P. Lucretius Tricipitinus	-419–-417					NO-DATE on wikidata
1189	1162	M. Papirius Mugillanus	-418–-411					NO-DATE on wikidata
1178	1163	Sp. Veturius Crassus	-417–-417					NO-QID
1179	1164	P. Cornelius Cossus	-415–-395					NO-DATE on wikidata
1180	1165	Q. Quinctius Cincinnatus	-415–-405					NO-DATE on wikidata
1181	1166	C. Valerius Potitus Volusus	-415–-404					NO-DATE on wikidata
1182	1167	Cn. Cornelius Cossus	-414–-401					NO-DATE on wikidata
1183	1168	L. Valerius Potitus						NO-DATE on wikidata
1184	1169	P. Postumius Albinus Regillensis	-414–-414			-414	wikidata	OK died only
1185	1170	(A. or M.) Cornelius Cossus	-413–-413					NO-QID
1186	1171	L. Furius Medullinus			-445		wikidata	OK born only
1187	1172	Q. Fabius Vibulanus (?)Ambustus (II?)	-412–-412					NO-QID
1188	1173	C. Furius Pacilus	-412–-251					NO-DATE on wikidata
1190	1174	M. Aemilius Mamercinus	-410–-401					NO-DATE on wikidata
3409	1175	Gaius Nautius Rutilus	-411–-411					NO-QID
1191	1176	C. Julius Iullus			-445	-393	wikidata	OK
1192	1177	C. Servilius Ahala	-408–-402					NO-DATE on wikidata
1193	1178	P. Cornelius Cossus						NO-DATE on wikidata
1194	1179	P. Cornelius Rutilus Cossus	-406–-406					NO-DATE on wikidata
1195	1180	N. (or Cn.) Fabius Ambustus	-406–-390					NO-DATE on wikidata
1196	1181	Cn. Cornelius Cossus						NO-DATE on wikidata
1197	1182	A. Manlius Vulso Capitolinus	-405–-397					NO-DATE on wikidata
1199	1183	P. Cornelius Maluginensis	-404–-390					NO-DATE on wikidata
1200	1184	K. Fabius Ambustus	-404–-390					NO-DATE on wikidata
1201	1185	M. Sergius Fidenas	-404–-402					NO-DATE on wikidata
1202	1186	Ap. Claudius Crassus						NO-DATE on wikidata
1203	1187	L. Julius Iullus						NO-DATE on wikidata
1204	1188	M. Quinctilius Varus	-403–-403					NO-DATE on wikidata
1205	1189	M. Furius Fusus	-403–-403		-450		wikidata	OK born only
1206	1190	L. Verginius Tricostus Esquilinus	-402–-389					NO-DATE on wikidata
1207	1191	Q. Servilius Fidenas	-402–-369		-450		wikidata	OK born only
1208	1192	Q. Sulpicius Camerinus Cornutus						NO-DATE on wikidata
1209	1193	M. Furius Camillus	-401–8					MISMATCH died -365 before reign end 8
1210	1194	L. Julius Iullus						NO-DATE on wikidata
1211	1195	P. Licinius Calvus Esquilinus	-400–-396					NO-QID
1212	1196	L. Titinius Pansa Saccus	-400–-396					NO-DATE on wikidata
1213	1197	Sp. Furius Medullinus	-400–-400					NO-QID
1214	1198	P. Manlius Vulso	-400–-400					NO-QID
1215	1199	P. Maelius Capitolinus	-400–-396					NO-QID
1216	1200	L. Publilius Philo Vulscus	-400–-400					NO-QID
1217	1201	Cn. Genucius Augurinus	-399–-396					NO-DATE on wikidata
1218	1202	M. Pomponius Rufus	-399–-399					NO-QID
1219	1203	M. Veturius Crassus Cicurinus	-399–-399					NO-QID
1220	1204	L. Atilius Priscus	-399–-396					NO-QID
1221	1205	C. Duillius Longus	-399–-399					NO-QID
1222	1206	Volero Publilius Philo	-399–-399					NO-QID
1223	1207	M. Valerius Lactucinus Maximus	-398–-395					NO-DATE on wikidata
1224	1208	L. Sergius Fidenas						NO-QID
1225	1209	P. Cornelius Maluginensis						NO-QID
1226	1210	A. Postumius Albinus Regillensis						NO-DATE on wikidata
1227	1211	Q. Manlius Vulso Capitolinus	-396–-396					NO-QID
1228	1212	P. Cornelius Cossus						NO-QID
1229	1213	P. Cornelius Scipio	-395–56					NO-QID
1230	1214	C. Aemilius Mamercinus	-394–-391					NO-QID
1231	1215	Sp. Postumius Albinus Regillensis				-380	wikidata	OK died only
1232	1216	L. Valerius Poplicola	-394–-380					NO-QID
1233	1217	L. Lucretius Tricipitinus Flavus	-393–-381					NO-DATE on wikidata
1234	1218	Cornelius Maluginensis (invalidated)	-393–-393					NO-QID
1235	1219	Ser. Sulpicius Camerinus	-393–-391					NO-QID
1236	1220	M. Manlius Capitolinus				-384	wikidata	OK died only
1237	1221	L. Aemilius Mamercinus	-391–-363					NO-DATE on wikidata
1238	1222	Agrippa Furius Fusus						NO-QID
1239	1223	Ser. Sulpicius Camerinus						NO-QID
1240	1224	Q. Sulpicius Longus	-390–-390					NO-DATE on wikidata
1241	1225	Q. Fabius Ambustus	-390–-390			-389	wikidata	OK died only
1242	1226	P. Cornelius	-389–-385					NO-QID
1243	1227	(?) L. Papirius (Mugillanus?)	-389–-389					NO-QID
1244	1228	A. Manlius Capitolinus	-389–-370					NO-DATE on wikidata
1245	1229	L. Postumius Albinus Regillensis	-389–-381					NO-QID
1246	1230	(?) M. Furius	-389–-389					NO-QID
1247	1231	T. Quinctius Cincinnatus Capitolinus	-388–-368					NO-QID
1248	1232	L. Julius Iullus						NO-DATE on wikidata
1249	1233	L. Aquillius Corvus	-388–-388					NO-QID
1250	1234	Ser. Sulpicius Rufus	-388–-51					NO-QID
1251	1235	L. Papirius Cursor	-387–-385					NO-QID
1252	1236	Cn. Sergius Fidenas Coxo	-387–-380					NO-QID
1253	1237	Licinus Menenius Lanatus	-387–-376					NO-QID
1254	1238	L. Horatius Pulvillus	-386–-386					NO-QID
1255	1239	Ser. Cornelius Maluginensis						NO-QID
1256	1240	L. Quinctius Cincinnatus						NO-QID
1257	1241	P. Valerius Potitus Poplicola	-386–-367					NO-QID
1258	1242	P. Cornelius						NO-QID
1259	1243	L. Quinctius Capitolinus	-385–-385					NO-QID
1260	1244	C. (or L.) Papirius Crassus						NO-QID
1261	1245	M. Trebonius	-383–-383					NO-QID
1262	1246	Sp. Papirius Crassus	-382–-382					NO-QID
1263	1247	C. Sulpicius Camerinus	-382–-382					NO-QID
1264	1248	L. Papirius (Mugillanus?)	-382–-376					NO-QID
1265	1249	Q. Servilius Fidenas						NO-QID
1266	1250	L. Furius Medullinus						NO-QID
1267	1251	M. Fabius Ambustus	-381–-354					NO-QID
1268	1252	C. Sulpicius Peticus	-380–-351					NO-QID
1269	1253	Ti. Papirius Crassus	-380–-380					NO-QID
1270	1254	P. Manlius Capitolinus	-379–-367					NO-QID
1271	1255	M. Albinius	-379–-379					NO-QID
1272	1256	P. Trebonius	-379–53					NO-QID
1273	1257	Cn. Manlius Vulso	-379–-189					NO-DATE on wikidata
1274	1258	C. Sextilius	-379–-379					NO-QID
1275	1259	L. Antistius	-379–-379					NO-QID
1276	1260	C. Erenucius	-379–-379					NO-QID
1277	1261	Sp. (or L.) Furius	-378–-378					NO-QID
1278	1262	M. Horatius	-378–-378					NO-QID
1279	1263	P. Cloelius Siculus	-378–-378					NO-QID
1280	1264	L. Geganius Macerinus	-378–-378					NO-QID
1281	1265	L. Aemilius Mamercinus						NO-QID
1282	1266	C. Veturius Crassus Cicurinus	-377–-369					NO-QID
1283	1267	Ser. Sulpicius (Rufus or Praetextatus)	-377–-368					NO-QID
1284	1268	C. Quinctius Cincinnatus	-377–-377					NO-QID
1285	1269	C. Valerius Potitus	-370–-331					NO-QID
1286	1270	A. Cornelius Cossus						NO-QID
1287	1271	Q. Quinctius (Cincinnatus?)	-369–-369					NO-QID
1288	1272	M. Cornelius Maluginensis						NO-QID
1289	1273	T. Quinctius Cincinnatus Capitolinus						NO-QID
1290	1274	L. Papirius Crassus						NO-QID
1291	1275	Sp. Servilius Structus	-368–-368					NO-QID
1292	1276	L. Veturius Crassus Cicurinus	-368–-367					NO-QID
1293	1277	M. Geganius Macerinus						NO-QID
1294	1278	L. Aemilius Mamercinus						NO-DATE on wikidata
1295	1279	L. Sextius Sextinus Lateranus	-366–-366					NO-QID
1296	1280	L. Genucius Aventinensis	-365–-303					MISMATCH died -362 before reign end -303
1297	1281	Q. Servilius Ahala	-365–-342					NO-QID
1298	1282	C. Sulpicius Peticus						NO-DATE on wikidata
1299	1283	C. Licinius Calvus	-364–-364					NO-QID
1300	1284	Cn. Genucius Aventinensis	-363–-363					NO-QID
1301	1285	C. Licinius Stolo	-361–-361		-400		wikidata	OK born only
1302	1286	M. Fabius Ambustus						NO-DATE on wikidata
1303	1287	C. Poetelius Libo Visolus	-360–-326					NO-QID
1304	1288	M. Popillius Laenas	-359–-139					NO-DATE on wikidata
1305	1289	Cn. Manlius Capitolinus Imperiosus	-359–-357					NO-DATE on wikidata
1306	1290	C. Fabius Ambustus	-358–-358					NO-DATE on wikidata
1307	1291	C. Plautius Proculus	-358–-358					NO-QID
1308	1292	C. Marcius Rutilus	-357–-342					NO-DATE on wikidata
1309	1293	M. Valerius Poplicola	-355–-353					NO-QID
1310	1294	T. Quinctius Poenus Capitolinus Crispinus	-354–-354					NO-QID
1311	1295	P. Valerius Poplicola						NO-DATE on wikidata
1312	1296	T. (or C. or K.) Quinctius Poenus	-351–-351					NO-QID
1313	1297	L. Cornelius Scipio	-350–-259					NO-QID
1314	1298	L. Furius Camillus	-349–-325					NO-QID
1315	1299	Ap. Claudius Crassus Inregillensis	-349–-349					NO-QID
1316	1300	M. Valerius Corvus	-348–-299		-371	-271	wikidata	OK
1317	1301	C. Plautius Venno (or Venox)	-347–-341					NO-DATE on wikidata
1318	1302	T. Manlius Imperiosus Torquatus	-347–-340		-380		wikidata	OK born only
1319	1303	M. Fabius Dorsuo	-345–-345					NO-QID
1320	1304	Ser. Sulpicius Camerinus Rufus	-345–-345					NO-QID
1321	1305	A. Cornelius Cossus Arvina	-343–-332					NO-QID
1322	1306	L. Aemilius Mamercinus Privernas	-341–-329					NO-QID
1323	1307	P. Decius Mus	-340–-279					NO-QID
1324	1308	Ti. Aemilius Mamercinus	-339–-339					NO-QID
1325	1309	Q. Publilius Philo	-339–-315					NO-QID
1326	1310	L. Furius Camillus						NO-DATE on wikidata
1327	1311	C. Maenius	-338–-338					NO-QID
1328	1312	C. Sulpicius Longus	-337–-314					NO-DATE on wikidata
1329	1313	P. Aelius Paetus	-337–-201					NO-QID
1330	1314	L. Papirius Crassus			-370		wikidata	OK born only
1331	1315	K. Duilius	-336–-336					NO-QID
1332	1316	M. Atilius Regulus Calenus	-335–-335					NO-DATE on wikidata
1333	1317	Sp. Postumius Albinus (Caudinus)	-334–-321					NO-DATE on wikidata
1334	1318	T. Veturius Calvinus	-334–-321					NO-QID
1335	1319	Dictator: P. Cornelius Rufinus (fictitious year)	-333–-333					NO-DATE on wikidata
1336	1320	Cn. Domitius Calvinus	-332–-40					NO-QID
1337	1321	C. Valerius Potitus						NO-DATE on wikidata
1338	1322	M. Claudius Marcellus	-331–-51					NO-DATE on wikidata
1339	1323	L. Plautius Venno (or Venox)	-330–-318					NO-QID
1340	1324	C. Plautius Decianus	-329–-329					NO-DATE on wikidata
1341	1325	Plautius	-328–-328					NO-QID
1342	1326	P. Cornelius (Scapula or Scipio Barbatus)	-328–-328					NO-QID
1343	1327	L. Cornelius Lentulus	-327–-3					NO-DATE on wikidata
1344	1328	L. Papirius Cursor	-326–-309		-364		wikidata	OK born only
1345	1329	D. Junius Brutus Scaeva	-325–-292		-363		wikidata	OK born only
1347	1330	Q. Aulius Cerretanus	-323–-319			-315	wikidata	OK died only
1348	1331	Q. Fabius Maximus Rullianus	-322–-295		-355		wikidata	OK born only
1349	1332	L. Fulvius Curvus	-322–-322		-356		wikidata	OK born only
1350	1333	M. Folius Flaccinator	-318–-318					NO-DATE on wikidata
1351	1334	L. Plautius Venno (or Venox)						NO-QID
1352	1335	C. Junius Bubulcus Brutus	-317–-277					NO-DATE on wikidata
1353	1336	Q. Aemilius Barbula	-317–-311					NO-DATE on wikidata
1354	1337	Sp. Nautius Rutilus						NO-QID
1355	1338	M. Popillius Laenas						NO-QID
1356	1339	M. Poetelius Libo	-314–-314					NO-QID
1358	1340	P. Decius Mus			-340	-295	wikidata	OK
1359	1341	C. Marcius Rutilus (Censorinus)	-310–-310					NO-QID
1360	1342	Ap. Claudius Caecus	-307–-296					NO-DATE on wikidata
1361	1343	L. Volumnius Flamma Violens	-307–-296					NO-QID
1362	1344	Q. Marcius Tremulus	-306–-288					NO-DATE on wikidata
1363	1345	P. Cornelius Arvina	-306–-288					NO-QID
1364	1346	L. Postumius Megellus	-305–-262					NO-DATE on wikidata
1365	1347	Ti. Minucius Augurinus	-305–-305					NO-QID
1366	1348	M. Fulvius Curvus Paetinus	-305–-305					NO-QID
1367	1349	P. Sempronius Sophus	-304–-268		-334		wikidata	OK born only
1368	1350	P. Sulpicius Saverrius	-304–-304					NO-QID
1369	1351	Ser. Cornelius Lentulus	-303–-303					NO-QID
1370	1352	L. Genucius Aventinensis						NO-QID
1371	1353	M. Livius Denter	-302–-302		-375	-294	wikidata	OK
1372	1354	M. Aemilius Paullus	-302–-255					NO-QID
1373	1355	Q. Appuleius Pansa	-300–-300					NO-DATE on wikidata
1374	1356	M. Fulvius Paetinus	-299–-299					NO-DATE on wikidata
1375	1357	T. Manlius Torquatus	-299–-165					MISMATCH died -299 before reign end -165
1376	1358	L. Cornelius Scipio Barbatus	-298–-298					NO-DATE on wikidata
1377	1359	Cn. Fulvius Maximus Centumalus	-298–-298					NO-DATE on wikidata
1378	1360	M. Atilius Regulus	-294–-217					NO-DATE on wikidata
1379	1361	L. Papirius Cursor	-293–-272		-324		wikidata	OK born only
1380	1362	Sp. Carvilius Maximus	-293–-272					NO-DATE on wikidata
1381	1363	Q. Fabius Maximus Gurges	-292–-265		-320	-265	wikidata	OK
1382	1364	D. Junius Brutus Scaeva						NO-DATE on wikidata
1383	1365	C. Junius Bubulcus Brutus						NO-QID
1384	1366	P. Cornelius Rufinus	-290–-277		-320		wikidata	OK born only
1385	1367	M. Curius Dentatus	-290–-274			-270	wikidata	OK died only
1386	1368	M. Valerius Maximus Corvinus	-289–-289					NO-QID
1387	1369	Q. Caedicius Noctua	-289–-289					NO-DATE on wikidata
1388	1370	M. Claudius Marcellus						NO-QID
1389	1371	C. Nautius Rutilus						NO-QID
1390	1372	M. Valerius Maximus (Potitus? CorvinusI?)	-286–-286					NO-QID
1391	1373	C. Aelius Paetus	-286–-286					NO-QID
1392	1374	C. Claudius Canina	-285–-273					NO-DATE on wikidata
1393	1375	M. Aemilius Lepidus	-285–11					NO-QID
1394	1376	C. Servilius Tucca	-284–-284					NO-QID
1395	1377	L. Caecilius Metellus Denter	-284–-284		-320	-283	wikidata	OK
1396	1378	P. Cornelius Dolabella	-283–55					MISMATCH died -280 before reign end 55
1397	1379	Cn. Domitius Calvinus Maximus	-283–-283		-331		wikidata	OK born only
1398	1380	C. Fabricius Luscinus	-282–-278					NO-DATE on wikidata
1399	1381	Q. Aemilius Papus	-282–-278					NO-DATE on wikidata
1400	1382	L. Aemilius Barbula	-281–-281					NO-DATE on wikidata
1401	1383	Q. Marcius Philippus	-281–-169					NO-DATE on wikidata
1402	1384	P. Valerius Laevinus	-280–-280			-280	wikidata	OK died only
1403	1385	Ti. Coruncanius	-280–-280		-311	-243	wikidata	OK
1404	1386	P. Sulpicius Saverrio	-279–-279					NO-QID
1405	1387	P. Decius Mus				-279	wikidata	OK died only
1406	1388	C. Genucius Clepsina	-276–-270					NO-DATE on wikidata
1407	1389	L. Cornelius Lentulus Caudinus	-275–-237					MISMATCH died -275 before reign end -237
1408	1390	Ser. Cornelius Merenda	-274–-274					NO-QID
1409	1391	C. Fabius Licinus	-273–-273					NO-DATE on wikidata
1410	1392	C. Quinctius Claudus	-271–-271					NO-DATE on wikidata
1411	1393	L. Genucius Clepsina	-271–-271					NO-DATE on wikidata
1412	1394	Cn. Cornelius Blasio	-270–-257		-300		wikidata	OK born only
1413	1395	Q. Ogulnius Gallus	-269–-269					NO-DATE on wikidata
1414	1396	C. Fabius Pictor	-269–-269		-302		wikidata	OK born only
1415	1397	P. Sempronius Sophus						NO-DATE on wikidata
1416	1398	Ap. Claudius Russus	-268–-268			-268	wikidata	OK died only
1417	1399	M. Atilius Regulus			-299	-246	wikidata	OK
1418	1400	L. Julius Libo	-267–-267					NO-DATE on wikidata
1419	1401	D. Junius Pera	-266–-266					NO-DATE on wikidata
1420	1402	N. Fabius Pictor	-266–-266		-299		wikidata	OK born only
1421	1403	Q. Fabius Maximus Gurges				-265	wikidata	OK died only
1422	1404	L. Mamilius Vitulus	-265–-265					NO-DATE on wikidata
1423	1405	Ap. Claudius Caudex	-264–-264					NO-DATE on wikidata
1424	1406	M. Fulvius Flaccus	-264–-125					MISMATCH reign end -125 is 170y after birth -295
1425	1407	M. Valerius Maximus Mesalla	-263–-263					NO-DATE on wikidata
1426	1408	M. Otacilius Crassus	-263–-246					NO-DATE on wikidata
1427	1409	L. Postumius Megellus				-253	wikidata	OK died only
1428	1410	Q. Mamilius Vitulus	-262–-262		-294		wikidata	OK born only
1429	1411	L. Valerius Flaccus	-261–128					NO-DATE on wikidata
1430	1412	T. Otacilius Crassus	-261–-261					NO-DATE on wikidata
1431	1413	Cn. Cornelius Scipio Asina	-260–-254					MISMATCH died -260 before reign end -254
1432	1414	C. Duilius	-260–-260					NO-DATE on wikidata
1433	1415	L. Cornelius Scipio			-306	-250	wikidata	OK
1434	1416	C. Aquillius Florus	-259–-259					NO-DATE on wikidata
1435	1417	A. Atilius Caiatinus	-258–-254		-295		wikidata	OK born only
1436	1418	C. Sulpicius Paterculus	-258–-258					NO-DATE on wikidata
1437	1419	C. Atilius Regulus	-257–-225					NO-DATE on wikidata
1438	1420	L. Manlius Vulso Longus	-256–-250					NO-DATE on wikidata
1439	1421	Q. Caedicius	-256–-256					NO-QID
1440	1422	Ser. Fulvius Paetinus Nobilior	-255–-255					NO-DATE on wikidata
1441	1423	M. Aemilius Paullus						NO-DATE on wikidata
1442	1424	Cn. Servilius Caepio	-253–-141					NO-DATE on wikidata
1443	1425	C. Sempronius Blaesus	-253–-244					NO-DATE on wikidata
1444	1426	C. Aurelius Cotta	-252–-75					NO-DATE on wikidata
1445	1427	P. Servilius Geminus	-252–-248					NO-DATE on wikidata
1446	1428	L. Caecilius Metellus	-251–-68					MISMATCH died -221 before reign end -68
1447	1429	C. Furius Pacilus						NO-DATE on wikidata
1448	1430	P. Claudius Pulcher	-249–-184					MISMATCH died -246 before reign end -184
1449	1431	L. Junius Pullus	-249–-249			-249	wikidata	OK died only
1450	1432	N. Fabius Buteo	-247–-247		-280		wikidata	OK born only
1451	1433	M. Fabius Licinus	-246–-246					NO-QID
1452	1434	M. Fabius Buteo	-245–-245		-278		wikidata	OK born only
1453	1435	C. Atilius Bulbus	-245–-235					NO-DATE on wikidata
1454	1436	A. Manlius Torquatus Atticus	-244–-241		-299		wikidata	OK born only
1455	1437	C. Fundanius Fundulus	-243–-243		-273		wikidata	OK born only
1456	1438	C. Sulpicius Galus	-243–-166					NO-DATE on wikidata
1457	1439	C. Lutatius Catulus	-242–-220		-275		wikidata	OK born only
1458	1440	A. Postumius Albinus	-242–-99					NO-DATE on wikidata
1459	1441	Q. Lutatius Cerco	-241–-241		-274	-236	wikidata	OK
1460	1442	C. Claudius Centho	-240–-240		-274		wikidata	OK born only
1461	1443	M. Sempronius Tuditanus	-240–-185					NO-DATE on wikidata
1462	1444	C. Mamilius Turrinus	-239–-239		-273		wikidata	OK born only
1463	1445	Q. Valerius Falto	-239–-239					NO-DATE on wikidata
1464	1446	Ti. Sempronius Gracchus	-238–-163		-273		wikidata	OK born only
1465	1447	P. Valerius Falto	-238–-238					NO-DATE on wikidata
1466	1448	L. Cornelius Lentulus Caudinus			-279	-213	wikidata	OK
1467	1449	Q. Fulvius Flaccus	-237–-179		-270		wikidata	OK born only
1468	1450	P. Cornelius Lentulus Caudinus	-236–-236					NO-DATE on wikidata
1469	1451	C. Licinius Varus	-236–-236					NO-DATE on wikidata
1470	1452	T. Manlius Torquatus			-279	-202	wikidata	OK
1471	1453	L. Postumius Albinus	-234–-154					MISMATCH died -216 before reign end -154
1472	1454	Sp. Carvilius Maximus Ruga	-234–-228		-272	-211	wikidata	OK
1473	1455	Q. Fabius Maximus Verrucosus	-233–-209			-203	wikidata	OK died only
1474	1456	M. Pomponius Matho	-233–-231			-211	wikidata	OK died only
1475	1457	M. Aemilius Lepidus			-277	-216	wikidata	OK
1476	1458	M. Publicius Malleolus	-232–-232		-264		wikidata	OK born only
1477	1459	M. Pomponius Matho				-204	wikidata	OK died only
1478	1460	C. Papirius Maso	-231–-231		-275	-213	wikidata	OK
1479	1461	M. Aemilius Barbula	-230–-230					NO-DATE on wikidata
1480	1462	M. Junius Pera	-230–-230					NO-DATE on wikidata
1481	1463	Cn. Fulvius Centumalus	-229–-229		-265		wikidata	OK born only
1482	1464	P. Valerius Flaccus	-227–-227					NO-QID
1483	1465	M. Atilius Regulus			-263	-216	wikidata	OK
1484	1466	M. Valerius Messalla	-226–-32					NO-DATE on wikidata
1485	1467	L. Apustius Fullo	-226–-226					NO-QID
1486	1468	L. Aemilius Papus	-225–-225		-259		wikidata	OK born only
1487	1469	C. Atilius Regulus						NO-DATE on wikidata
1488	1470	C. Flaminius	-223–-187					MISMATCH died -217 before reign end -187
1489	1471	P. Furius Philus	-223–-223			-213	wikidata	OK died only
1490	1472	M. Claudius Marcellus			-270	-208	wikidata	OK
1491	1473	Cn. Cornelius Scipio Calvus	-222–-222		-256	-211	wikidata	OK
1492	1474	P. Cornelius Scipio Asina	-221–-221					NO-DATE on wikidata
1493	1475	M. Minucius Rufus	-221–-110					MISMATCH died -216 before reign end -110
1495	1476	C. Lutatius Catulus			-255		wikidata	OK born only
1496	1477	Q. Mucius Scaevola (invalidated)	-220–-220					NO-DATE on wikidata
1497	1478	L. Veturius Philo	-220–-206					MISMATCH died -209 before reign end -206
1498	1479	L. Aemilius Paullus	-219–1					MISMATCH died -216 before reign end 1
1499	1480	M. Livius Salinator	-219–-207		-254	-191	wikidata	OK
1500	1481	P. Cornelius Scipio			-255	-211	wikidata	OK
1501	1482	Ti. Sempronius Longus	-218–-194					MISMATCH died -210 before reign end -194
1502	1483	Cn. Servilius Geminus	-217–-217		-257	-216	wikidata	OK
1503	1484	C. Terentius Varro	-216–-216					NO-DATE on wikidata
1504	1485	Ti. Sempronius Gracchus				-212	wikidata	OK died only
1505	1486	Q. Fabius Maximus	-213–-45					MISMATCH reign end -45 is 204y after birth -249
1506	1487	Ap. Claudius Pulcher	-212–-38					MISMATCH died -211 before reign end -38
1507	1488	Cn. Fulvius Centumalus Maximus	-211–-211		-245	-210	wikidata	OK
1508	1489	P. Sulpicius Galba Maximus	-211–-200					NO-DATE on wikidata
1509	1490	M. Valerius Laevinus	-220–-210		-260	-200	wikidata	OK
1510	1491	T. Quinctius Crispinus	-208–-208			-208	wikidata	OK died only
1511	1492	C. Claudius Nero	-207–-207		-242		wikidata	OK born only
1512	1493	L. Veturius Philo			-240		wikidata	OK born only
1513	1494	Q. Caecilius Metellus	-206–-206		-245		wikidata	OK born only
1514	1495	P. Cornelius Scipio (Africanus)	-205–-134					MISMATCH died -183 before reign end -134
1515	1496	P. Licinius Crassus Dives	-205–-205		-235	-183	wikidata	OK
1516	1497	M. Cornelius Cethegus	-204–-160					MISMATCH died -196 before reign end -160
1517	1498	P. Sempronius Tuditanus	-204–-204		-243		wikidata	OK born only
1518	1499	Cn. Servilius Caepio			-237	-174	wikidata	OK
1519	1500	C. Servilius Geminus	-203–-203		-240	-180	wikidata	OK
1520	1501	M. Servilius Pulex Geminus	-202–-202			-175	wikidata	OK died only
1521	1502	Ti. Claudius Nero	-202–-7					NO-DATE on wikidata
1522	1503	Cn. Cornelius Lentulus	-201–-18					MISMATCH died -184 before reign end -18
1523	1504	P. Aelius Paetus				-174	wikidata	OK died only
1524	1505	C. Aurelius Cotta						NO-DATE on wikidata
1525	1506	L. Cornelius Lentulus				-173	wikidata	OK died only
1526	1507	P. Villius Tappulus	-199–-199		-239		wikidata	OK born only
1527	1508	T. Quinctius Flamininus	-198–-123					MISMATCH died -174 before reign end -123
1528	1509	Sex. Aelius Paetus Catus	-198–-198		-235		wikidata	OK born only
1529	1510	C. Cornelius Cethegus	-197–-197		-243		wikidata	OK born only
1530	1511	Q. Minucius Rufus	-197–-197		-231		wikidata	OK born only
1531	1512	L. Furius Purpureo	-196–-196		-230		wikidata	OK born only
1532	1513	M. Claudius Marcellus						NO-QID
1533	1514	L. Valerius Flaccus						NO-QID
1534	1515	M. Porcius Cato	-195–36					MISMATCH died -149 before reign end 36
1535	1516	Ti. Sempronius Longus						NO-QID
1536	1517	L. Cornelius Merula	-193–-87					NO-QID
1537	1518	Q. Minucius Thermus	-193–-193					NO-QID
1538	1519	L. Quinctius Flamininus	-192–-192			-170	wikidata	OK died only
1539	1520	Cn. Domitius Ahenobarbus	-192–32					NO-QID
1540	1521	P. Cornelius Scipio Nasica	-191–-111					NO-QID
1541	1522	M. Acilius Glabrio	-191–256					NO-QID
1542	1523	L. Cornelius Scipio Asiaticus	-190–-190		-230	-183	wikidata	OK
1543	1524	C. Laelius	-190–-190		-235		wikidata	OK born only
1544	1525	M. Fulvius Nobilior	-189–-159					NO-QID
1545	1526	Cn. Manlius Vulso						NO-QID
1546	1527	M. Valerius Messalla						NO-QID
1547	1528	C. Livius Salinator	-188–-188		-234	-170	wikidata	OK
1548	1529	M. Aemilius Lepidus						NO-QID
1549	1530	C. Flaminius						NO-QID
1550	1531	Sp. Postumius Albinus	-186–-110					NO-QID
1551	1532	Q. Marcius Philippus						NO-QID
1552	1533	Ap. Claudius Pulcher						NO-QID
1553	1534	M. Sempronius Tuditanus						NO-QID
1554	1535	P. Claudius Pulcher						NO-QID
1555	1536	L. Porcius Licinus	-184–-184					NO-QID
1556	1537	M. Claudius Marcellus						NO-DATE on wikidata
1557	1538	Q. Fabius Labeo	-183–-183					NO-QID
1558	1539	Cn. Baebius Tamphilus	-182–-182		-228	-160	wikidata	OK
1559	1540	L. Aemilius Paullus (Macedonicus)	-182–-168					NO-QID
1560	1541	P. Cornelius Cethegus	-181–-181		-217		wikidata	OK born only
1561	1542	M. Baebius Tamphilus	-181–-181		-230		wikidata	OK born only
1562	1543	A. Postumius Albinus Luscus	-180–-180					NO-DATE on wikidata
1563	1544	C. Calpurnius Piso	-180–111					NO-QID
1564	1545	Q. Fulvius Flaccus						NO-QID
1565	1546	Q. Fulvius Flaccus				-172	wikidata	OK died only
1566	1547	L. Manlius Acidinus Fulvianus	-179–-179		-222		wikidata	OK born only
1567	1548	M. Junius Brutus	-178–-178					NO-QID
1568	1549	A. Manlius Vulso						NO-QID
1569	1550	C. Claudius Pulcher	-177–-92					NO-QID
1570	1551	Ti. Sempronius Gracchus						NO-QID
1571	1552	Cn. Cornelius Scipio Hispallus	-176–-176		-220	-176	wikidata	OK
1572	1553	C. Valerius Laevinus	-176–-176					NO-DATE on wikidata
1573	1554	Q. Petillius Spurinus	-176–-176		-219	-176	wikidata	OK
1574	1555	P. Mucius Scaevola	-175–-133					NO-QID
1575	1556	Sp. Postumius Albinus Paullulus	-174–-174		-217		wikidata	OK born only
1576	1557	Q. Mucius Scaevola	-174–-174					NO-QID
1577	1558	L. Postumius Albinus						NO-QID
1578	1559	M. Popillius Laenas						NO-QID
1579	1560	C. Popillius Laenas	-172–-158					NO-DATE on wikidata
1580	1561	P. Aelius Ligus	-172–-172					NO-DATE on wikidata
1581	1562	P. Licinius Crassus	-171–-97					NO-QID
1582	1563	C. Cassius Longinus	-171–30					NO-QID
1583	1564	A. Hostilius Mancinus	-170–-170		-213		wikidata	OK born only
1584	1565	A. Atilius Serranus	-170–-170					NO-QID
1585	1566	Cn. Servilius Caepio						NO-QID
1586	1567	C. Licinius Crassus	-168–-168					NO-QID
1587	1568	Q. Aelius Paetus	-167–-167					NO-QID
1588	1569	M. Junius Pennus	-167–-167					NO-QID
1589	1570	M. Claudius Marcellus						NO-QID
1590	1571	C. Sulpicius Galus			-209		wikidata	OK born only
1591	1572	T. Manlius Torquatus						NO-QID
1592	1573	Cn. Octavius	-165–-76					NO-QID
1593	1574	A. Manlius Torquatus	-164–-164					NO-QID
1594	1575	Q. Cassius Longinus	-164–-164					NO-QID
1595	1576	M. Juventius Thalna	-163–-163					NO-QID
1596	1577	P. Cornelius Scipio Nasica Corculum	-162–-155		-205	-141	wikidata	OK
1597	1578	P. Cornelius Lentulus	-162–27					MISMATCH died -121 before reign end 27
1598	1579	C. Marcius Figulus	-162–-64					NO-DATE on wikidata
1599	1580	Cn. Domitius Ahenobarbus			-210	-162	wikidata	OK
1600	1581	M. Valerius Messalla			-204		wikidata	OK born only
1601	1582	C. Fannius Strabo	-161–-161					NO-DATE on wikidata
1602	1583	L. Anicius Gallus	-160–-160					NO-DATE on wikidata
1603	1584	M. Cornelius Cethegus			-203		wikidata	OK born only
1604	1585	Cn. Cornelius Dolabella	-159–-81					NO-DATE on wikidata
1605	1586	M. Fulvius Nobilior						NO-DATE on wikidata
1606	1587	M. Aemilius Lepidus			-200		wikidata	OK born only
1607	1588	Sex. Julius Caesar	-157–-91		-201		wikidata	OK born only
1608	1589	L. Aurelius Orestes	-157–-103		-200		wikidata	OK born only
1609	1590	L. Cornelius Lentulus Lupus	-156–-156		-199		wikidata	OK born only
1610	1591	Q. Opimius	-154–-154		-200		wikidata	OK born only
1611	1592	L. Postumius Albinus			-199	-154	wikidata	OK
1612	1593	M. Acilius Glabrio						NO-QID
1613	1594	Q. Fulvius Nobilior	-153–-153		-204		wikidata	OK born only
1614	1595	T. Annius Luscus	-153–-153					NO-QID
1615	1596	L. Valerius Flaccus						NO-QID
1616	1597	L. Licinius Lucullus	-151–-74					NO-DATE on wikidata
1617	1598	A. Postumius Albinus						NO-QID
1618	1599	T. Quinctius Flamininus						NO-QID
1619	1600	M. Acilius Balbus	-150–-114					NO-DATE on wikidata
1620	1601	L. Marcius Censorinus	-149–-39					NO-QID
1621	1602	M. Manilius	-149–-149		-196		wikidata	OK born only
1622	1603	Sp. Postumius Albinus Magnus	-148–-148		-191		wikidata	OK born only
1623	1604	L. Calpurnius Piso Caesoninus	-148–-58					NO-QID
1624	1605	P. Cornelius Scipio Aemilianus	-147–-147		-185	-129	wikidata	OK
1625	1606	C. Livius Drusus	-147–-147					NO-QID
1626	1607	Cn. Cornelius Lentulus						NO-QID
1627	1608	L. Mummius Achaicus	-146–-146		-193	-140	wikidata	OK
1628	1609	Q. Fabius Maximus Aemilianus	-145–-145		-189	-130	wikidata	OK
1629	1610	L. Hostilius Mancinus	-145–-145					NO-QID
1630	1611	Ser. Sulpicius Galba	-144–-108					NO-QID
1631	1612	L. Aurelius Cotta	-144–-65					NO-QID
1632	1613	Ap. Claudius Pulcher						NO-QID
1633	1614	Q. Caecilius Metellus Macedonicus	-143–-143		-190	-115	wikidata	OK
1634	1615	L. Caecilius Metellus Calvus	-142–-142					NO-DATE on wikidata
1635	1616	Q. Fabius Maximus Servilianus	-142–-142					NO-DATE on wikidata
1636	1617	Cn. Servilius Caepio						NO-QID
1637	1618	Q. Pompeius	-141–-141					NO-QID
1638	1619	C. Laelius Sapiens	-140–-140		-190	-125	wikidata	OK
1639	1620	Q. Servilius Caepio	-140–-106					NO-QID
1640	1621	Cn. Calpurnius Piso	-139–-7					NO-QID
1641	1622	M. Popillius Laenas						NO-QID
1642	1623	P. Cornelius Scipio Nasica Serapio	-138–-138		-180	-132	wikidata	OK
1643	1624	D. Junius Brutus (Callaicus)	-138–-138		-181	-113	wikidata	OK
1644	1625	M. Aemilius Lepidus Porcina	-137–-137		-180	-123	wikidata	OK
1645	1626	C. Hostilius Mancinus	-137–-137					NO-DATE on wikidata
1646	1627	L. Furius Philus	-136–-136		-179		wikidata	OK born only
1647	1628	Sex. Atilius Serranus	-136–-136					NO-DATE on wikidata
1648	1629	Ser. Fulvius Flaccus	-135–-135		-190		wikidata	OK born only
1649	1630	Q. Calpurnius Piso	-135–-135		-180		wikidata	OK born only
1650	1631	C. Fulvius Flaccus	-134–-134					NO-QID
1651	1632	P. Mucius Scaevola			-180		wikidata	OK born only
1652	1633	L. Calpurnius Piso Frugi	-133–-133					NO-QID
1653	1634	P. Popillius Laenas	-132–-132		-175		wikidata	OK born only
1654	1635	P. Rupilius	-132–-132		-185		wikidata	OK born only
1655	1636	P. Licinius Crassus Dives Mucianus	-131–-131		-180	-130	wikidata	OK
1656	1637	L. Valerius Flaccus			-180		wikidata	OK born only
1657	1638	L. Cornelius Lentulus						NO-DATE on wikidata
1658	1639	Ap. Claudius Pulcher						NO-QID
1659	1640	M. Perperna	-130–-92					MISMATCH died -129 before reign end -92
1660	1641	C. Sempronius Tuditanus	-129–-129		-172		wikidata	OK born only
1661	1642	M. Aquillius	-129–-101					NO-QID
1662	1643	Cn. Octavius						NO-QID
1663	1644	T. Annius Rufus	-128–-128					NO-QID
1664	1645	L. Cassius Longinus Ravilla	-127–-127		-170		wikidata	OK born only
1665	1646	L. Cornelius Cinna	-127–-84					NO-QID
1666	1647	M. Aemilius Lepidus						NO-QID
1667	1648	L. Aurelius Orestes						NO-DATE on wikidata
1668	1649	M. Plautius Hypsaeus	-125–-125					NO-QID
1669	1650	M. Fulvius Flaccus			-168	-121	wikidata	OK
1670	1651	C. Cassius Longinus						NO-QID
1671	1652	C. Sextius Calvinus	-124–-124					NO-DATE on wikidata
1672	1653	Q. Caecilius Metellus (Balearicus)	-123–-123					NO-DATE on wikidata
1673	1654	T. Quinctius Flamininus						NO-DATE on wikidata
1674	1655	Cn. Domitius Ahenobarbus			-169		wikidata	OK born only
1675	1656	C. Fannius	-122–-122					NO-QID
1676	1657	L. Opimius	-121–-121					NO-DATE on wikidata
1677	1658	Q. Fabius Maximus (Allobrogicus)	-121–-121		-164		wikidata	OK born only
1678	1659	P. Manilius	-120–-120					NO-QID
1679	1660	C. Papirius Carbo	-120–-120					NO-QID
1680	1661	L. Caecilius Metellus (Delmaticus)	-119–-119		-161	-103	wikidata	OK
1681	1662	L. Aurelius Cotta						NO-QID
1682	1663	M. Porcius Cato						NO-QID
1683	1664	Q. Marcius Rex	-118–-68					NO-QID
1684	1665	L. Caecilius Metellus Diadematus	-117–-117					NO-DATE on wikidata
1685	1666	Q. Mucius Scaevola (Augur)	-117–-117		-159	-87	wikidata	OK
1686	1667	C. Licinius Geta	-116–-116					NO-DATE on wikidata
1687	1668	Q. Fabius Maximus Eburnus	-116–-116					NO-DATE on wikidata
1688	1669	M. Aemilius Scaurus	-115–-115					NO-QID
1689	1670	M. Caecilius Metellus	-115–-115					NO-QID
1690	1671	M. Acilius Balbus						NO-QID
1691	1672	C. Porcius Cato	-114–-114					NO-QID
1692	1673	C. Caecilius Metellus Caprarius	-113–-113		-157		wikidata	OK born only
1693	1674	Cn. Papirius Carbo	-113–-82					NO-QID
1694	1675	M. Livius Drusus	-112–-112					NO-QID
1695	1676	L. Calpurnius Piso Caesoninus						NO-QID
1696	1677	P. Cornelius Scipio Nasica						NO-QID
1697	1678	L. Calpurnius Bestia	-111–-111					NO-QID
1698	1679	M. Minucius Rufus						NO-QID
1699	1680	Sp. Postumius Albinus						NO-QID
1700	1681	Q. Caecilius Metellus (Numidicus)	-109–-109		-152	-91	wikidata	OK
1701	1682	M. Junius Silanus	-109–54					NO-QID
1702	1683	Ser. Sulpicius Galba						NO-QID
1703	1684	Hortensius (invalidated)	-108–-108					NO-DATE on wikidata
1704	1685	M. Aurelius Scaurus	-108–-108			-105	wikidata	OK died only
1705	1686	C. Marius	-107–-82					MISMATCH died -86 before reign end -82
1706	1687	L. Cassius Longinus	-107–30					NO-QID
1707	1688	Q. Servilius Caepio						NO-QID
1708	1689	C. Atilius Serranus	-106–120					MISMATCH died -87 before reign end 120
1709	1690	P. Rutilius Rufus	-105–-105		-158		wikidata	OK born only
1710	1691	Cn. Mallius Maximus	-105–-105					NO-DATE on wikidata
1711	1692	C. Flavius Fimbria	-104–-104					NO-QID
1712	1693	L. Aurelius Orestes						NO-DATE on wikidata
1713	1694	Q. Lutatius Catulus	-102–-78					MISMATCH died -87 before reign end -78
1714	1695	M. Aquillius						NO-QID
1715	1696	L. Valerius Flaccus						NO-DATE on wikidata
1716	1697	M. Antonius	-99–-31					MISMATCH died -87 before reign end -31
1717	1698	A. Postumius Albinus			-142	-89	wikidata	OK
1718	1699	Q. Caecilius Metellus Nepos	-98–-57			-55	wikidata	OK died only
1719	1700	T. Didius	-98–-98			-89	wikidata	OK died only
1720	1701	Cn. Cornelius Lentulus						NO-DATE on wikidata
1721	1702	P. Licinius Crassus				-87	wikidata	OK died only
1722	1703	Cn. Domitius Ahenobarbus			-139	-89	wikidata	OK
1723	1704	C. Cassius Longinus						NO-DATE on wikidata
1724	1705	L. Licinius Crassus	-95–-95		-140	-91	wikidata	OK
1725	1706	Q. Mucius Scaevola (Pontifex)	-95–-95		-140	-82	wikidata	OK
1726	1707	C. Coelius Caldus	-94–-94		-140		wikidata	OK born only
1727	1708	L. Domitius Ahenobarbus	-94–-16					MISMATCH died -82 before reign end -16
1728	1709	C. Valerius Flaccus	-93–-93					NO-DATE on wikidata
1729	1710	M. Herennius	-93–-93		-136		wikidata	OK born only
1730	1711	C. Claudius Pulcher			-141	-91	wikidata	OK
1731	1712	M. Perperna			-147	-49	wikidata	OK
1732	1713	L. Marcius Philippus	-91–-38		-136		wikidata	OK born only
1733	1714	Sex. Julius Caesar				-90	wikidata	OK died only
1734	1715	L. Julius Caesar	-90–-64					MISMATCH died -87 before reign end -64
1735	1716	P. Rutilius Lupus	-90–-90			-90	wikidata	OK died only
1736	1717	Cn. Pompeius Strabo	-89–-89		-135	-87	wikidata	OK
1737	1718	L. Porcius Cato	-89–-89			-89	wikidata	OK died only
1738	1719	L. Cornelius Sulla	-88–-5					MISMATCH died -78 before reign end -5
1739	1720	Q. Pompeius Rufus	-88–-88			-88	wikidata	OK died only
1740	1721	Cn. Octavius			-130	-87	wikidata	OK
1741	1722	L. Cornelius Cinna			-135	-84	wikidata	OK
1742	1723	L. Cornelius Merula				-87	wikidata	OK died only
1743	1724	L. Valerius Flaccus				-85	wikidata	OK died only
1744	1725	Cn. Papirius Carbo			-129	-82	wikidata	OK
1745	1726	L. Cornelius Scipio Asiagenes (Asiaticus)	-83–-83					NO-DATE on wikidata
1746	1727	C. Norbanus	-83–-83			-82	wikidata	OK died only
1747	1728	C. Marius			-109	-82	wikidata	OK
1748	1729	M. Tullius Decula	-81–-81					NO-DATE on wikidata
1749	1730	Cn. Cornelius Dolabella						NO-DATE on wikidata
1750	1731	Q. Caecilius Metellus Pius	-80–-80			-64	wikidata	OK died only
1751	1732	P. Servilius Vatia (Isauricus)	-79–-79		-120	-44	wikidata	OK
1752	1733	Ap. Claudius Pulcher				-76	wikidata	OK died only
1753	1734	M. Aemilius Lepidus			-120	-77	wikidata	OK
1754	1735	Q. Lutatius Catulus				-60	wikidata	OK died only
1755	1736	D. Junius Brutus	-77–-77					NO-QID
1756	1737	Mam. Aemilius Lepidus Livianus	-77–-77					NO-DATE on wikidata
1757	1738	Cn. Octavius						NO-QID
1758	1739	C. Scribonius Curio	-76–-76					NO-QID
1759	1740	L. Octavius	-75–-75			-74	wikidata	OK died only
1760	1741	C. Aurelius Cotta			-124	-73	wikidata	OK
1761	1742	L. Licinius Lucullus			-117	-57	wikidata	OK
1762	1743	M. Aurelius Cotta	-74–-74					NO-QID
1763	1744	M. Terentius Varro Lucullus	-73–-73		-116	-56	wikidata	OK
1764	1745	C. Cassius Longinus						NO-QID
1765	1746	L. Gellius	-72–-72		-135		wikidata	OK born only
1766	1747	Cn. Cornelius Lentulus Clodianus	-72–-72		-113		wikidata	OK born only
1767	1748	P. Cornelius Lentulus Sura	-71–-71		-114	-63	wikidata	OK
1768	1749	Cn. Aufidius Orestes	-71–-71					NO-DATE on wikidata
1769	1750	Cn. Pompeius Magnus	-70–-52		-106	-48	wikidata	OK
1770	1751	M. Licinius Crassus	-70–-30					MISMATCH died -53 before reign end -30
1771	1752	Q. Hortensius Hortalus	-69–-69		-114	-50	wikidata	OK
1772	1753	Q. Caecilius Metellus (Creticus)	-69–-69			-55	wikidata	OK died only
1773	1754	L. Caecilius Metellus						NO-QID
1774	1755	(Servilius) Vatia	-68–-68					NO-DATE on wikidata
1775	1756	Q. Marcius Rex						NO-QID
1776	1757	C. Calpurnius Piso						NO-QID
1777	1758	M. Acilius Glabrio						NO-QID
1778	1759	M. Aemilius Lepidus						NO-QID
1779	1760	L. Volcacius Tullus	-66–-33					NO-QID
1780	1761	P. Cornelius Sulla (invalidated)	-65–-65			-46	wikidata	OK died only
1781	1762	L. Aurelius Cotta						NO-DATE on wikidata
1782	1763	P. Autronius Paetus (invalidated)	-65–-65					NO-DATE on wikidata
1783	1764	L. Manlius Torquatus	-65–-65					NO-QID
1784	1765	L. Julius Caesar						NO-QID
1785	1766	(?) Minucius Thermus	-64–-64					NO-DATE on wikidata
1786	1767	C. Marcius Figulus						NO-QID
1787	1768	M. Tullius Cicero	-63–-30					MISMATCH died -43 before reign end -30
1788	1769	C. Antonius Hybrida	-63–-63					NO-DATE on wikidata
1789	1770	D. Junius Silanus	-62–-62					NO-QID
1790	1771	L. Licinius Murena	-62–-62					NO-QID
1791	1772	M. Pupius Piso Frugi Calpurnianus	-61–-61		-114		wikidata	OK born only
1792	1773	M. Valerius Messalla Niger	-61–-61		-104		wikidata	OK born only
1793	1774	L. Afranius	-60–-60					NO-QID
1794	1775	Q. Caecilius Metellus Celer	-60–-60					NO-QID
1795	1776	C. Julius Caesar	-59–-44		-100	-44	wikidata	OK
1796	1777	M. Calpurnius Bibulus	-59–-59		-102	-48	wikidata	OK
1797	1778	L. Calpurnius Piso Caesoninus						NO-QID
1798	1779	A. Gabinius	-58–-58			-47	wikidata	OK died only
1799	1780	P. Cornelius Lentulus Spinther	-57–-57		-100	-47	wikidata	OK
1800	1781	Q. Caecilius Metellus Nepos						NO-QID
1801	1782	Cn. Cornelius Lentulus Marcellinus	-56–-56		-100		wikidata	OK born only
1802	1783	L. Marcius Philippus						NO-QID
1803	1784	L. Domitius Ahenobarbus						NO-QID
1804	1785	Ap. Claudius Pulcher						NO-QID
1805	1786	Cn. Domitius Calvinus				-20	wikidata	OK died only
1806	1787	M. Valerius Messalla Rufus	-53–-53		-119	-26	wikidata	OK
1807	1788	Q. Caecilius Metellus Pius Scipio	-52–-52		-99	-46	wikidata	OK
1808	1789	Ser. Sulpicius Rufus			-106	-43	wikidata	OK
1809	1790	M. Claudius Marcellus						NO-QID
1810	1791	L. Aemilius Paullus						NO-QID
1811	1792	C. Claudius Marcellus	-50–-49					NO-QID
1812	1793	C. Claudius Marcellus						NO-QID
1813	1794	L. Cornelius Lentulus Crus	-49–-49		-98	-48	wikidata	OK
1814	1795	P. Servilius Isauricus	-48–-41		-94		wikidata	OK born only
1815	1796	Q. Fufius Calenus	-47–-47			-40	wikidata	OK died only
1816	1797	P. Vatinius	-47–-47		-95	-41	wikidata	OK
1817	1798	M. Aemilius Lepidus			-90	-13	wikidata	OK
1818	1799	Q. Fabius Maximus				-45	wikidata	OK died only
1819	1800	C. Caninius Rebilus	-45–37					NO-DATE on wikidata
1820	1801	C. Trebonius	-45–-45		-90	-43	wikidata	OK
1821	1802	P. Cornelius Dolabella			-69	-43	wikidata	OK
1822	1803	M. Antonius			-83	-30	wikidata	OK
1823	1804	C. Vibius Pansa Caetronianus	-43–-43		-89	-43	wikidata	OK
1824	1805	C. Carrinas	-43–-43					NO-DATE on wikidata
1825	1806	A. Hirtius	-43–-43		-90	-43	wikidata	OK
1826	1807	Q. Pedius	-43–-43					NO-QID
1827	1808	P. Ventidius	-43–-43					NO-DATE on wikidata
1828	1809	L. Munatius Plancus	-42–13					MISMATCH died -15 before reign end 13
1829	1810	L. Antonius Pietas	-41–-41					NO-QID
1830	1811	L. Cornelius Balbus	-40–-40		-100		wikidata	OK born only
1831	1812	C. Asinius Pollio	-40–23					MISMATCH died 4 before reign end 23
1832	1813	P. Canidius Crassus	-40–-40			-30	wikidata	OK died only
1833	1814	L. Marcius Censorinus						NO-QID
1834	1815	C. Cocceius Balbus	-39–-39					NO-DATE on wikidata
1835	1816	C. Calvisius Sabinus	-39–26		-85		wikidata	OK born only
1836	1817	P. Alfenus Varus	-39–2					NO-DATE on wikidata
1837	1818	Ap. Claudius Pulcher						NO-QID
1838	1819	L. Cornelius Lentulus						NO-DATE on wikidata
1839	1820	C. Norbanus Flaccus	-38–15		-85		wikidata	OK born only
1840	1821	L. Marcius Philippus			-37		wikidata	OK born only
1841	1822	Marcus Vipsanius Agrippa	-37–-27		-63	-12	wikidata	OK
1842	1823	L. Caninius Gallus	-37–-2					NO-QID
1843	1824	T. Statilius Taurus	-37–11					NO-QID
1844	1825	L. Gellius Poplicola	-36–-36			-31	wikidata	OK died only
1845	1826	L. Nonius Asprenas	-36–29					NO-DATE on wikidata
1846	1827	M. Cocceius Nerva	-36–-36		-80		wikidata	OK born only
1847	1828	Q. Marcius Rufus	-36–-36					NO-QID
1848	1829	L. Cornificius	-35–-35					NO-DATE on wikidata
1849	1830	P. Cornelius Dolabella						NO-DATE on wikidata
1850	1831	Sex. Pompeius	-35–14					NO-DATE on wikidata
1851	1832	T. Peducaeus	-35–-35					NO-DATE on wikidata
1852	1833	L. Sempronius Atratinus			-73	7	wikidata	OK
1853	1834	Paullus Aemilius Lepidus	-34–-34			-13	wikidata	OK died only
1854	1835	L. Scribonius Libo	-34–16		-90		wikidata	OK born only
1855	1836	C. Memmius	-34–-34		-70		wikidata	OK born only
1856	1837	M. Herennius Picens	-34–1					NO-DATE on wikidata
1857	1838	L. Autronius Paetus	-33–-33					NO-DATE on wikidata
1858	1839	L. Flavius	-33–-33					NO-DATE on wikidata
1859	1840	M. Acilius Glabrio			-81		wikidata	OK born only
1860	1841	L. Vinicius	-33–-5					NO-DATE on wikidata
1861	1842	Q. Laronius	-33–-33					NO-DATE on wikidata
1862	1843	L. Volcacius Tullus						NO-DATE on wikidata
1863	1844	C. Fonteius Capito	-33–59					MISMATCH reign end 59 is 139y after birth -80
1864	1845	Cn. Domitius Ahenobarbus			-80	-30	wikidata	OK
1865	1846	L. Cornelius (Balbus? Cinna?)	-32–-32		-79		wikidata	OK born only
1866	1847	C. Sosius	-32–-32		-79		wikidata	OK born only
1867	1848	M. Valerius Messalla						NO-DATE on wikidata
1868	1849	M. Valerius Messalla Corvinus	-31–58					MISMATCH died 8 before reign end 58
1869	1850	M. Titius	-31–-31					NO-DATE on wikidata
1870	1851	Cn. Pompeius	-31–-31			14	wikidata	OK died only
1871	1852	M. Licinius Crassus						NO-QID
1872	1853	C. Antistius Vetus	-30–96					NO-QID
1873	1854	M. Tullius Cicero			-65		wikidata	OK born only
1874	1855	L. Saenius	-30–-30					NO-DATE on wikidata
1875	1856	Sex. Appuleius	-29–14					NO-QID
1876	1857	Potitus Valerius Messalla	-29–-29		-70	-17	wikidata	OK
1877	1858	M. Junius Silanus			-69	-11	wikidata	OK
1878	1859	C. Norbanus Flaccus						NO-DATE on wikidata
1879	1860	L. Sestius Albanianus Quirinalis	-23–-23		-73		wikidata	OK born only
1880	1861	A. Terentius Varro Murena (abdicated)	-23–-23		-56	-24	wikidata	OK
1881	1862	Cn. Calpurnius Piso						NO-DATE on wikidata
1882	1863	M. Claudius Marcellus Aeserninus	-22–-22					NO-DATE on wikidata
1883	1864	L. Arruntius	-22–6					NO-DATE on wikidata
1884	1865	M. Lollius	-21–-21		-54	2	wikidata	OK
1885	1866	Q. Aemilius Lepidus	-21–-21					NO-DATE on wikidata
1886	1867	M. Appuleius	-20–-20					NO-DATE on wikidata
1887	1868	P. Silius Nerva	-20–28					MISMATCH died -16 before reign end 28
1888	1869	C. Sentius Saturninus	-19–4					NO-DATE on wikidata
1889	1870	M. Vinicius	-19–45		-50		wikidata	OK born only
1890	1871	Q. Lucretius Vespillo	-19–-19					NO-DATE on wikidata
1891	1872	P. Cornelius Lentulus Marcellinus	-18–-18		-52		wikidata	OK born only
1892	1873	Cn. Cornelius Lentulus						NO-DATE on wikidata
1893	1874	C. Furnius	-17–-17					NO-DATE on wikidata
1894	1875	C. Junius Silanus	-17–10					NO-DATE on wikidata
1895	1876	L. Domitius Ahenobarbus			-49	25	wikidata	OK
1896	1877	P. Cornelius Scipio			-50	-7	wikidata	OK
1897	1878	L. Tarius Rufus	-16–-16					NO-DATE on wikidata
1898	1879	M. Livius Drusus Libo	-15–-15					NO-DATE on wikidata
1899	1880	L. Calpurnius Piso	-15–175					MISMATCH died 32 before reign end 175
1900	1881	M. Licinius Crassus Frugi	-14–64					NO-DATE on wikidata
1901	1882	Cn. Cornelius Lentulus (Augur)	-14–-14			25	wikidata	OK died only
1903	1883	P. Quinctilius Varus	-13–-13		-46	9	wikidata	OK
1904	1884	M. Valerius Messalla Appianus	-12–-12		-45	-12	wikidata	OK
1905	1885	C. Valgius Rufus	-12–-12		-65		wikidata	OK born only
1906	1886	C. Caninius Rebilus				-12	wikidata	OK died only
1907	1887	Q. Aelius Tubero	-12–-12		-74		wikidata	OK born only
1908	1888	P. Sulpicius Quirinius	-12–-12		-45	21	wikidata	OK
1909	1889	L. Volusius Saturninus	-12–87					MISMATCH died 20 before reign end 87
1910	1890	Paullus Fabius Maximus	-12–-12			14	wikidata	OK died only
1911	1891	Africanus Fabius Maximus	-10–-10					NO-DATE on wikidata
1912	1892	Iullus Antonius	-10–-10		-43	-2	wikidata	OK
1913	1893	Nero Claudius Drusus	-9–-9		-38	-9	wikidata	OK
1914	1894	T. Quinctius Crispinus Sulpicianus	-9–-9					NO-DATE on wikidata
1915	1895	C. Marcius Censorinus	-8–-8			2	wikidata	OK died only
1916	1896	C. Asinius Gallus	-8–-8		-40	33	wikidata	OK
1917	1897	Cn. Calpurnius Piso				20	wikidata	OK died only
1918	1898	D. Laelius Balbus	-6–46					NO-DATE on wikidata
1919	1899	C. Antistius Vetus			-40	1	wikidata	OK
1920	1900	Q. Haterius	-5–-5			26	wikidata	OK died only
1921	1901	L. Cornelius Sulla						NO-QID
1922	1902	L. Vinicius						NO-QID
1923	1903	C. Sulpicius Galba	-5–22					NO-QID
1924	1904	C. Calvisius Sabinus						NO-DATE on wikidata
1925	1905	C. Caelius	-4–-4					NO-QID
1926	1906	L. Passienus Rufus	-4–-4					NO-DATE on wikidata
1927	1907	Galus Sulpicius	-4–-4					NO-DATE on wikidata
3358	1908	solitudo magistratuum	-375–-371					NO-URL no title match
1928	1909	L. Cornelius Lentulus			-35	4	wikidata	OK
1929	1910	M. Valerius Messalla Messallinus	-3–-3		-36	21	wikidata	OK
1930	1911	C. Fufius Geminus	-2–29					NO-DATE on wikidata
1931	1912	Q. Fabricius	-2–-2					NO-DATE on wikidata
1932	1913	M. Plautius Silvanus	-2–-2			14	wikidata	OK died only
1933	1914	L. Caninius Gallus						NO-DATE on wikidata
1934	1915	Cossus Cornelius Lentulus (Gaetulicus)	-1–-1		-35	36	wikidata	OK
1935	1916	A. Plautius	-1–29					NO-DATE on wikidata
1936	1917	L. Calpurnius Piso (Augur)	-1–-1			24	wikidata	OK died only
1937	1918	A. Caecina Severus	-1–-1		-43		wikidata	OK born only
1938	1919	C. Caesar	1–1		-20	4	wikidata	OK
1939	1920	L. Aemilius Paullus				14	wikidata	OK died only
1940	1921	M. Herennius Picens						NO-DATE on wikidata
1941	1922	P. Vinicius	2–2					NO-DATE on wikidata
1942	1923	P. Cornelius Lentulus Scipio	2–24					MISMATCH died 2 before reign end 24
1943	1924	P. Alfenus Varus						NO-DATE on wikidata
1944	1925	T. Quinctius Crispinus Valerianus	2–2					NO-DATE on wikidata
1945	1926	L. Aelius Lamia	3–3			33	wikidata	OK died only
1946	1927	P. Silius	3–3					NO-DATE on wikidata
1947	1928	M. Servilius	3–3					NO-DATE on wikidata
1948	1929	L. Volusius Saturninus			-38	56	wikidata	OK
1949	1930	Sex. Aelius Catus	4–4					NO-DATE on wikidata
1950	1931	Cn. Sentius Saturninus	4–41					NO-DATE on wikidata
1951	1932	C. Sentius Saturninus						NO-QID
1952	1933	C. Clodius Licinus	4–4					NO-DATE on wikidata
1953	1934	L. Valerius Messalla Volesus	5–5					NO-DATE on wikidata
1954	1935	C. Vibius Postumus	5–5		-35	20	wikidata	OK
1955	1936	Cn. Cornelius Cinna Magnus	5–5					NO-DATE on wikidata
1956	1937	C. Ateius Capito	5–5					NO-QID
1957	1938	M. Aemilius Lepidus						NO-QID
1958	1939	L. Arruntius						NO-QID
1959	1940	L. Nonius Asprenas						NO-QID
1960	1941	Q. Caecilius Metellus Creticus Silanus	7–7		-27		wikidata	OK born only
1961	1942	A. Licinius Nerva Silianus	7–65					MISMATCH died 7 before reign end 65
1962	1943	Lucilius Longus	7–7			23	wikidata	OK died only
1963	1944	M. Furius Camillus				37	wikidata	OK died only
1964	1945	L. Apronius	8–8					NO-DATE on wikidata
1965	1946	Sex. Nonius Quinctilianus	8–38					NO-QID
1966	1947	A. Vibius Habitus	8–8					NO-DATE on wikidata
1967	1948	C. Poppaeus Sabinus	9–9			35	wikidata	OK died only
1968	1949	M. Papius Mutilus	9–9					NO-DATE on wikidata
1969	1950	Q. Sulpicius Camerinus	9–46					NO-DATE on wikidata
1970	1951	Q. Poppaeus Secundus	9–9					NO-DATE on wikidata
1971	1952	P. Cornelius Dolabella						NO-DATE on wikidata
1972	1953	Ser. Cornelius Lentulus Maluginensis	10–10		-30	23	wikidata	OK
1973	1954	C. Junius Silanus						NO-DATE on wikidata
1974	1955	Q. Junius Blaesus	10–26					NO-DATE on wikidata
1975	1956	M. Aemilius Lepidus						NO-QID
1976	1957	L. Cassius Longinus						NO-QID
1977	1958	T. Statilius Taurus						NO-QID
1978	1959	Germanicus Julius Caesar	12–18		-15	19	wikidata	OK
1979	1960	C. Fonteius Capito						NO-QID
1980	1961	C. Visellius Varro	12–12					NO-DATE on wikidata
1981	1962	C. Silius	13–13			24	wikidata	OK died only
1982	1963	C. Caecina Largus	13–42					NO-DATE on wikidata
1983	1964	L. Munatius Plancus						NO-QID
1984	1965	Sex. Pompeius						NO-QID
1985	1966	Sex. Appuleius						NO-QID
1986	1967	Drusus Julius Caesar	15–21		-13	23	wikidata	OK
1987	1968	C. Norbanus Flaccus						NO-QID
1988	1969	M. Junius Silanus						NO-QID
1989	1970	Sisenna Statilius Taurus	16–16					NO-DATE on wikidata
1990	1971	C. Vibius Rufus	16–16					NO-DATE on wikidata
1991	1972	L. Scribonius Libo						NO-QID
1992	1973	C. Pomponius Graecinus	16–16			38	wikidata	OK died only
1993	1974	L. Pomponius Flaccus	17–17			33	wikidata	OK died only
1994	1975	C. Vibius Marsus	17–17					NO-DATE on wikidata
1995	1976	C. Caelius Rufus	17–17					NO-DATE on wikidata
1996	1977	L. Voluseius Proculus	17–17					NO-QID
1997	1978	L. Seius Tubero	18–18		-25		wikidata	OK born only
1998	1979	C. Rubellius Blandus	18–18			38	wikidata	OK died only
2000	1980	Livineius Regulus	18–18					NO-DATE on wikidata
2001	1981	M. Vipstanus Gallus	18–18					NO-DATE on wikidata
2002	1982	M. Junius Silanus Torquatus	19–19			36	wikidata	OK died only
2003	1983	L. Norbanus Balbus	19–19			41	wikidata	OK died only
2004	1984	P. Petronius	19–19					NO-DATE on wikidata
2005	1985	M. Valerius Messalla Barbatus	20–20					NO-QID
2006	1986	M. Aurelius Cotta Maximus Messalinus	20–20					NO-DATE on wikidata
2007	1987	Mam. Aemilius Scaurus	21–21			34	wikidata	OK died only
2008	1988	Cn. Tremellius	21–21					NO-DATE on wikidata
2009	1989	D. Haterius Agrippa	22–22		-20	32	wikidata	OK
2010	1990	C. Sulpicius Galba						NO-QID
2011	1991	C. Asinius Pollio						NO-QID
2012	1992	C. Antistius Vetus						NO-QID
2013	1993	C. Stertinius Maximus	23–23					NO-DATE on wikidata
2014	1994	Ser. Cornelius Cethegus	24–24					NO-DATE on wikidata
2015	1995	C. Calpurnius Aviola	24–24					NO-DATE on wikidata
2016	1996	L. Visellius Varro	24–24					NO-DATE on wikidata
2017	1997	P. Cornelius Lentulus Scipio			-15	52	wikidata	OK
2018	1998	Cossus Cornelius Lentulus	25–60					NO-QID
2019	1999	C. Petronius	25–25					NO-QID
2020	2000	M. Asinius Agrippa	25–25		-9	26	wikidata	OK
2021	2001	Cn. Cornelius Lentulus Gaetulicus	26–55					NO-QID
2022	2002	Q. Junius Blaesus						NO-QID
2023	2003	C. Calvisius Sabinus						NO-QID
2024	2004	L. Antistius Vetus	26–55					NO-QID
2025	2005	L. Calpurnius Piso						NO-QID
2026	2006	P. Cornelius Lentulus						NO-DATE on wikidata
2027	2007	M. Licinius Crassus Frugi						NO-QID
2028	2008	C. Sallustius Passienus Crispus	27–44			47	wikidata	OK died only
2029	2009	Ap. Junius Silanus	28–28			42	wikidata	OK died only
2030	2010	L. Junius Silanus	28–28					NO-QID
2031	2011	P. Silius Nerva						NO-DATE on wikidata
2032	2012	C. Vellaeus Tutor	28–28					NO-QID
2033	2013	C. Fufius Geminus						NO-DATE on wikidata
2034	2014	A. Plautius			-5	57	wikidata	OK
2035	2015	L. Rubellius Geminus	29–29					NO-QID
2036	2016	L. Nonius Asprenas						NO-QID
2037	2017	L. Cassius Longinus						NO-DATE on wikidata
2038	2018	L. Naevius Surdinus	30–30					NO-QID
2039	2019	M. Vinicius						NO-QID
2040	2020	C. Cassius Longinus			-5		wikidata	OK born only
2041	2021	Faustus Cornelius Sulla	31–31					NO-DATE on wikidata
2042	2022	P. Memmius Regulus	31–31			61	wikidata	OK died only
2043	2023	L. Aelius Sejanus	31–31		-20	31	wikidata	OK
2044	2024	Sex. Tedius Valerius Catullus	31–31					NO-DATE on wikidata
2045	2025	L. Fulcinius Trio	31–31			35	wikidata	OK died only
2046	2026	Cn. Domitius Ahenobarbus						NO-QID
2047	2027	L. Arruntius Camillus Scribonianus	32–32		-1	42	wikidata	OK
2048	2028	A. Vitellius	32–48					NO-QID
2050	2029	L. Salvius Otho	33–33					NO-DATE on wikidata
2051	2030	L. Cornelius Sulla Felix	-80–33					NO-QID
2052	2031	C. Octavius Laenas	33–33					NO-DATE on wikidata
2053	2032	Paullus Fabius Persicus	34–34		-1	54	wikidata	OK
2054	2033	Q. Marcius Barea Soranus	34–52					NO-QID
2055	2034	L. Vitellius	34–48					NO-QID
2056	2035	T. Rustius Nummius Gallus	34–34					NO-DATE on wikidata
2057	2036	C. Cestius Gallus	35–42					NO-QID
2058	2037	D. Valerius Asiaticus	35–46					NO-QID
2059	2038	M. Servilius Nonianus	35–35			59	wikidata	OK died only
2060	2039	A. Gabinius Secundus	35–43					NO-QID
2061	2040	Sex. Papinius Allenius	36–36					NO-DATE on wikidata
2062	2041	C. Vettius Rufus	36–36					NO-DATE on wikidata
2063	2042	Q. Plautius	36–36					NO-DATE on wikidata
2064	2043	M. Porcius Cato						NO-QID
2065	2044	Cn. Acerronius Proculus	37–37					NO-DATE on wikidata
2067	2045	A. Caecina Paetus	37–37			42	wikidata	OK died only
2068	2046	C. Petronius Pontius Nigrinus	37–37					NO-DATE on wikidata
2070	2047	C. Caninius Rebilus						NO-DATE on wikidata
2071	2048	M. Aquila Julianus	38–38					NO-DATE on wikidata
2072	2049	Ser. Asinius Celer	38–38		-1	46	wikidata	OK
2073	2050	P. Nonius Asprenas Calpurnius Serranus	38–38		5	41	wikidata	OK
2074	2051	Sex. Nonius Quinctilianus						NO-DATE on wikidata
2075	2052	Q. Sanquinius Maximus	39–39			46	wikidata	OK died only
2076	2053	Cn. Domitius Corbulo	39–39		7	67	wikidata	OK
2077	2054	Cn. Domitius Afer	39–39		-16	59	wikidata	OK
2078	2055	L. Apronius Caesianus	39–39					NO-DATE on wikidata
2079	2056	A. Didius Gallus	39–39					NO-DATE on wikidata
2080	2057	C. Laecanius Bassus	40–64					NO-DATE on wikidata
2081	2058	without colleague	40–40					NO-URL no title match
2082	2059	Q. Terentius Culleo	40–40					NO-DATE on wikidata
2083	2060	Q. Pomponius Secundus	41–41					NO-DATE on wikidata
2085	2061	Q. Futius Lusius Saturninus	41–41					NO-DATE on wikidata
2086	2062	Q. Ostorius Scapula	41–41					NO-QID
2087	2063	Cn. Sentius Saturninus						NO-DATE on wikidata
2088	2064	M. Seius Varanus	41–41					NO-DATE on wikidata
2089	2065	P. Suillius Rufus	41–41					NO-DATE on wikidata
2090	2066	C. Cestius Gallus				101	wikidata	OK died only
2091	2067	Cornelius Lupus	42–42			47	wikidata	OK died only
2092	2068	C. Caecina Largus						NO-QID
2093	2069	Sex. Palpellius Hister	43–43					NO-DATE on wikidata
2094	2070	A. Gabinius Secundus						NO-DATE on wikidata
2095	2071	Q. Curtius Rufus	43–43					NO-DATE on wikidata
2096	2072	L. Pedanius Secundus	43–43			61	wikidata	OK died only
2097	2073	Sp. Oppius	43–43					NO-DATE on wikidata
2098	2074	P. Calvisius Sabinus Pomponius Secundus	44–44					NO-DATE on wikidata
2099	2075	(?) T. Axius	44–44					NO-QID
2100	2076	T. Statilius Taurus	44–44					NO-DATE on wikidata
2101	2077	(?) T. Mussidius Pollianus	44–44					NO-QID
2102	2078	Ti. Plautius Silvanus Aelianus	45–74			79	wikidata	OK died only
2103	2079	M. Pompeius Silvanus Staberius Flavianus	45–76			83	wikidata	OK died only
2104	2080	(?) P. Fabius Firmanus	45–45					NO-QID
2105	2081	T. Statilius Taurus Corvinus	45–45					NO-DATE on wikidata
2106	2082	A. Antonius Rufus	45–45					NO-DATE on wikidata
2107	2083	(?) L. Tampius Flavianus	45–76					NO-DATE on wikidata
2108	2084	Camerinus Antistius Vetus	46–46					NO-DATE on wikidata
2109	2085	Q. Sulpicius Camerinus				67	wikidata	OK died only
2110	2086	D. Laelius Balbus						NO-DATE on wikidata
2111	2087	C. Terentius Tullius Geminus	46–46					NO-DATE on wikidata
2112	2088	M. Junius Silanus						NO-URL no title match
2113	2089	C. Calpetanus Rantius Sedatus	47–47					NO-DATE on wikidata
2114	2090	Cn. Hosidius Geta	47–47		20		wikidata	OK born only
2115	2091	L. Vagellius	47–47					NO-URL no title match
2116	2092	C. Volasenna Severus	47–47					NO-URL no title match
2117	2093	M. Hordeonius Flaccus	47–47		14	69	wikidata	OK
2118	2094	T. Flavius Sabinus	47–72					MISMATCH died 69 before reign end 72
2119	2095	A. Vitellius			15	69	wikidata	OK
2120	2096	L. Vitellius				69	wikidata	OK died only
2121	2097	L. Vipstanus Poplicola	48–48					NO-DATE on wikidata
2122	2098	Messalla Vipstanus Gallus	48–48					NO-DATE on wikidata
2123	2099	Q. Veranius	49–49		12	58	wikidata	OK
2124	2100	L. Mammius Pollio	49–49					NO-URL no title match
2125	2101	C. Pompeius Longinus Gallus	49–49					NO-URL no title match
2126	2102	Q. Allius Maximus	49–49					NO-URL no title match
2127	2103	Q. Futius	50–50					NO-URL no title match
2128	2104	M. Suillius Nerullinus	50–50					NO-DATE on wikidata
2129	2105	P. Calvisius	50–50					NO-URL no title match
2130	2106	L. Calventius Vetus Carminius	51–51					NO-DATE on wikidata
2132	2107	Ser. Cornelius Scipio Salvidienus Orfitus	51–51					NO-DATE on wikidata
2133	2108	Faustus Cornelius Sulla Felix	52–52		23	62	wikidata	OK
2134	2109	Q. Marcius Barea Soranus			10	65	wikidata	OK
2135	2110	L. Salvidienus Rufus Salvianus	52–52					NO-URL no title match
2136	2111	L. Salvius Otho Titianus	52–69		32	69	wikidata	OK
2137	2112	D. Junius Silanus Torquatus	53–53		16	64	wikidata	OK
2138	2113	Q. Caecina Primus	53–53					NO-DATE on wikidata
2139	2114	P. Calvisius Ruso	53–79					NO-URL no title match
2140	2115	Q. Haterius Antoninus	53–53					NO-DATE on wikidata
2141	2116	P. Trebonius						NO-URL no title match
2142	2117	M. Acilius Aviola	54–54			97	wikidata	OK died only
2143	2118	M. Junius Silanus						NO-URL no title match
2144	2119	Vellaeus Tutor	54–54					NO-URL no title match
2145	2120	M. Asinius Marcellus	54–54					NO-DATE on wikidata
2146	2121	A. Pompeius Paulinus	54–54					NO-URL no title match
2148	2122	N. Cestius	55–55					NO-DATE on wikidata
2149	2123	P. Cornelius Dolabella						NO-DATE on wikidata
2150	2124	M. Trebellius Maximus	55–55					NO-DATE on wikidata
2151	2125	T. (or P.?) Palfurius	55–55					NO-URL no title match
2152	2126	Cn. Cornelius Lentulus Gaetulicus			22	55	wikidata	OK
2153	2127	L. Antistius Vetus				65	wikidata	OK died only
2154	2128	L. Annaeus Seneca	55–55			65	wikidata	OK died only
2155	2129	T. Curtilius Mancia	55–55					NO-DATE on wikidata
2156	2130	Q. Volusius Saturninus	56–92		25		wikidata	OK born only
2157	2131	L. Junius Gallio Annaeanus	56–56		-3	65	wikidata	OK
2158	2132	P. Sulpicius Scribonius Rufus	56–56			67	wikidata	OK died only
2159	2133	L. Duvius Avitus	56–56					NO-DATE on wikidata
2160	2134	P. Cornelius Scipio						NO-DATE on wikidata
2161	2135	T. Cutius Ciltus	56–56					NO-URL no title match
2162	2136	P. Sulpicius Scribonius Proculus	56–56					NO-QID
2163	2137	P. Clodius Thrasea Paetus	56–56			66	wikidata	OK died only
2164	2138	L. Calpurnius Piso						NO-DATE on wikidata
2165	2139	L. Caesius Martialis	57–57					NO-DATE on wikidata
2166	2140	C. Fonteius Agrippa	58–58					NO-DATE on wikidata
2167	2141	A. Paconius Sabinus	58–58					NO-URL no title match
2168	2142	M. Valerius Messalla Corvinus						NO-DATE on wikidata
2169	2143	A. Petronius Lurco	58–58					NO-DATE on wikidata
2170	2144	C. Vipstanus Apronianus	59–59			86	wikidata	OK died only
2171	2145	T. Sextius Africanus	59–59		16		wikidata	OK born only
2172	2146	C. Fonteius Capito						NO-DATE on wikidata
2173	2147	M. Ostorius Scapula	59–59			66	wikidata	OK died only
2174	2148	C. Velleius Paterculus	60–60					NO-URL no title match
2175	2149	Cossus Cornelius Lentulus			27	60	wikidata	OK
2176	2150	M. Manilius Vopiscus	60–60					NO-URL no title match
2177	2151	P. Petronius Turpilianus	61–61		25	68	wikidata	OK
2178	2152	Cn. Pedanius Fuscus Salinator	61–118					NO-DATE on wikidata
2179	2153	L. Junius Caesennius Paetus	61–79		28		wikidata	OK born only
2180	2154	L. Velleius Paterculus	61–61					NO-URL no title match
2181	2155	P. Marius	62–62					NO-DATE on wikidata
2182	2156	Q. Manlius Tarquitius Saturninus	62–62					NO-URL no title match
2183	2157	T. Clodius Eprius Marcellus	62–74			79	wikidata	OK died only
2184	2158	Lucius Afinius Gallus	62–62					NO-DATE on wikidata
2185	2159	P. Petronius Niger	62–62					NO-URL no title match
2186	2160	C. Junius Marullus	62–62					NO-URL no title match
2187	2161	C. Memmius Regulus	63–63					NO-DATE on wikidata
2188	2162	L. Verginius Rufus	63–97		14	97	wikidata	OK
2189	2163	C. Laecanius Bassus						NO-DATE on wikidata
2190	2164	M. Licinius Crassus Frugi						NO-DATE on wikidata
2191	2165	A. Licinius Nerva Silianus						NO-DATE on wikidata
2192	2166	C. Pomponius Pius	65–98					NO-DATE on wikidata
2193	2167	M. Julius Vestinus Atticus (killed)	65–65			65	wikidata	OK died only
2194	2168	P. Pasidienus Firmus	65–65					NO-DATE on wikidata
2195	2169	C. Anicius Cerialis	65–65			66	wikidata	OK died only
2196	2170	C. Luccius Telesinus	66–68					NO-DATE on wikidata
2197	2171	M. Annius Afrinus	66–66					NO-DATE on wikidata
2198	2172	M. Arruntius Aquila	66–66					NO-DATE on wikidata
2199	2173	C. Suetonius Paullinus	66–66		10		wikidata	OK born only
2200	2174	C. Paccius Africanus	66–66					NO-DATE on wikidata
2201	2175	M. Vettius Bolanus	66–66		25	93	wikidata	OK
2202	2176	L. Julius Rufus	67–67					NO-DATE on wikidata
2203	2177	Ap. Annius Gallus	67–67					NO-DATE on wikidata
2204	2178	Fonteius Capito	67–67			68	wikidata	OK died only
2205	2179	L. Aurelius Priscus	67–67					NO-URL no title match
2206	2180	L. Verulanus Severus	67–67					NO-URL no title match
2207	2181	Ti. Catius Asconius Silius Italicus	68–68		26	101	wikidata	OK
2208	2182	C. Bellicus Natalis	68–68					NO-URL no title match
2209	2183	P. Galerius Trachalus	68–68					NO-DATE on wikidata
2210	2184	P. Cornelius Scipio Asiaticus	68–68		41		wikidata	OK born only
2213	2185	Cn. Arulenus Caelius Sabinus	69–69					NO-DATE on wikidata
2214	2186	Cn. Arrius Antoninus	69–97		31		wikidata	OK born only
2215	2187	Fabius Valens	69–69		35	69	wikidata	OK
2216	2188	Cn. Caecilius Simplex	69–69			69	wikidata	OK died only
2217	2189	T. Vinius (Rufinus?)	69–69		12	69	wikidata	OK
2218	2190	L. Pompeius Vopiscus	69–69					NO-DATE on wikidata
2219	2191	T. Flavius Sabinus						NO-DATE on wikidata
2220	2192	A. Marius Celsus	69–69			73	wikidata	OK died only
2221	2193	A. Caecina Alienus	69–69					NO-URL no title match
2222	2194	Rosius Regulus	69–69					NO-URL no title match
2223	2195	C. Quinctius Atticus	69–69					NO-URL no title match
2224	2196	C. Licinius Mucianus	70–72					NO-DATE on wikidata
2225	2197	M. Ulpius Traianus	70–70		30	100	wikidata	OK
2226	2198	(...)ne(...)	70–70					NO-DATE on wikidata
2227	2199	L. Annius Bassus	70–70					NO-DATE on wikidata
2229	2200	C. Laecanius Bassus Caecina Paetus	70–70					NO-DATE on wikidata
2230	2201	C. Calpetanus Rantius Quirinalis Valerius Festus	71–71					NO-DATE on wikidata
2231	2202	L. Flavius Fimbria	71–71					NO-URL no title match
2232	2203	Cn. Pompeius Collega	71–71					NO-DATE on wikidata
2234	2204	Cn. Pedius Cascus	71–71					NO-URL no title match
2235	2205	C. Atilius Barbarus	71–71					NO-URL no title match
2236	2206	Q. Julius Cordus	71–71					NO-DATE on wikidata
2237	2207	Q. Julius Cordinus C. Rutilius Gallicus	72–85		24	91	wikidata	OK
2238	2208	Sex. Marcius Priscus	72–72					NO-URL no title match
2239	2209	Cn. Pinarius Aemilius Cicatricula	72–72					NO-DATE on wikidata
2240	2210	M. Arrecinus Clemens	73–83					NO-DATE on wikidata
2241	2211	L. Valerius Catullus Messallinus	73–85					NO-DATE on wikidata
2243	2212	(...)on(...)	74–74					NO-DATE on wikidata
2244	2213	C. Pomponius	74–74					NO-DATE on wikidata
2245	2214	L. Manlius Patruinus	74–74					NO-URL no title match
3357	2215	L. Junius Q. Vibius Crispus	74–83					NO-DATE on wikidata
3367	2216	Q. Petillius Cerialis Caesius Rufus	74–74		30	83	wikidata	OK
2246	2217	L. Pasidienus Firmus	75–75					NO-URL no title match
2247	2218	Galeo Tettienus Petronianus	76–76					NO-URL no title match
2248	2219	M. Fulvius Gillo	76–76					NO-DATE on wikidata
3368	2220	(?) L. Tampius Flavianus						NO-DATE on wikidata
2249	2221	(?) L. Pompeius Vopiscus C. Arruntius Catellius Celer	77–77					NO-DATE on wikidata
2250	2222	Cn. Julius Agricola	77–77		40	93	wikidata	OK
2251	2223	(?) M. Arruntius Aquila	77–77					NO-DATE on wikidata
2252	2224	D. Junius Novius Priscus	78–78					NO-DATE on wikidata
2254	2225	Q. Corellius Rufus	78–78		31		wikidata	OK born only
2255	2226	L. Ceionius Commodus	78–136					NO-DATE on wikidata
2256	2227	Sex. Vitulasius Nepos	78–78					NO-URL no title match
2257	2228	L. Funisulanus Vettonianus	78–78			98	wikidata	OK died only
2258	2229	L. Junius Caesennius Paetus						NO-DATE on wikidata
2259	2230	T. Rubrius Aelius Nepos	79–79					NO-URL no title match
2260	2231	P. Calvisius Ruso						NO-URL no title match
2261	2232	M. Arrius Flaccus	79–79					NO-URL no title match
2262	2233	Q. Aurelius Pactumeius Fronto	80–80					NO-DATE on wikidata
2263	2234	C. Marius Marcellus Octavius P. Cluvius Rufus	80–80					NO-URL no title match
2264	2235	L. Acilius Strabo	80–80					NO-DATE on wikidata
2265	2236	M. Tittius Frugi	80–80					NO-URL no title match
2266	2237	L. Aelius Plautius Lamia Aelianus	80–80		45		wikidata	OK born only
2267	2238	Q. Pompeius Trio	80–80					NO-URL no title match
2268	2239	Sex. Neranius Capito	80–80					NO-URL no title match
2269	2240	M. Vinicius Julius Rufus	80–80					NO-URL no title match
3369	2241	A. Didius Gallus Fabricius Veiento	80–83					NO-DATE on wikidata
2270	2242	L. Flavius Silva Nonius Bassus	81–81		40	81	wikidata	OK
2271	2243	M. Roscius Coelius	81–81					NO-DATE on wikidata
2272	2244	L. Julius Vettius Paullus	81–81					NO-URL no title match
2273	2245	C. Scoedius Natta Pinarianus	81–81					NO-URL no title match
2274	2246	M. Petronius Umbrinus	81–81					NO-URL no title match
2275	2247	L. Turpilius Dexter	81–81					NO-URL no title match
2276	2248	M. Asinius Pollio Verrucosus	81–81					NO-URL no title match
2277	2249	C. Julius Juvenalis	81–81					NO-URL no title match
2278	2250	T. Junius Montanus	81–81					NO-DATE on wikidata
2279	2251	T. Tettienus Serenus	81–81			114	wikidata	OK died only
2280	2252	L. Carminius Lusitanicus	81–81					NO-URL no title match
2281	2253	M. Maecius Rufus	81–81					NO-URL no title match
2282	2254	(? Servaeus In)noc(ens)	82–82					NO-DATE on wikidata
2283	2255	(...)an(us)	82–82					NO-DATE on wikidata
2284	2256	(M. Mettius? Mo)dest(us)	82–82					NO-DATE on wikidata
2285	2257	P. Valerius Patruinus	82–82					NO-DATE on wikidata
2286	2258	M. Larcius Magnus Pompeius Silo	82–82					NO-QID
2287	2259	T. Flavius Sabinus	82–82			83	wikidata	OK died only
2288	2260	L. Salvius Otho Cocceianus	82–82					MISMATCH died 69 before reign end 82
2289	2261	M. Acilius Aviola	82–82					NO-DATE on wikidata
2290	2262	L. Antonius Saturninus	82–82			89	wikidata	OK died only
2291	2263	T. Aurelius Quietus	82–82					NO-URL no title match
2292	2264	L. Tettius Julianus	83–83		45		wikidata	OK born only
2293	2265	L. Calventius Sex. Carminius Vetus	83–83					NO-DATE on wikidata
2294	2266	(?) L. Baebius Honoratus	83–83					NO-DATE on wikidata
2295	2267	Terentius Strabo Erucius Homullus	83–83					NO-DATE on wikidata
2296	2268	M. Cornelius Nigrinus Curiatius Maternus	83–83		40		wikidata	OK born only
3361	2269	Q. Petillius Rufus	83–83					NO-URL no title match
2297	2270	(?) C. Fisius Sabinus	84–84					NO-URL no title match
2298	2271	C. Tullius Capito Pomponianus Plotius Firmus	84–84					NO-URL no title match
2299	2272	C. Oppius Sabinus	84–84			85	wikidata	OK died only
2300	2273	(?) M. Annius Messalla	84–84					NO-URL no title match
2301	2274	L. Julius Ursus	84–100					NO-DATE on wikidata
2302	2275	C. Cornelius Gallicanus	84–84					NO-DATE on wikidata
2303	2276	(P. Glitius? G)allus	84–84					NO-DATE on wikidata
2304	2277	L. Aelius Oculatus	85–85					NO-URL no title match
2305	2278	P. Herennius Pollio	85–85					NO-URL no title match
2306	2279	D. Aburius Bassus	85–85					NO-URL no title match
2307	2280	C. Salvius Liberalis Nonius Bassus	85–85					NO-DATE on wikidata
2308	2281	Q. Gavius Atticus	85–85					NO-URL no title match
2309	2282	M. Annius Herennius Pollio	85–85					NO-URL no title match
2310	2283	Q. Julius Balbus	85–129					NO-URL no title match
2311	2284	Cornelius Orestes	85–85					NO-URL no title match
2312	2285	C. Secius Campanus	86–86					NO-URL no title match
2313	2286	Sex. Octavius Fronto	86–86					NO-DATE on wikidata
2314	2287	A. Bucius Lappius Maximus	86–95					NO-DATE on wikidata
2315	2288	Ser. Cornelius Dolabella Petronianus	86–86					NO-DATE on wikidata
2316	2289	Q. Vibius Secundus	86–86					NO-DATE on wikidata
2317	2290	Ti. Julius Candidus Marius Celsus	86–105			109	wikidata	OK died only
2318	2291	C. Octavius Tidius Tossianus L. Javolenus Priscus	86–86		60	120	wikidata	OK
2319	2292	C. Calpurnius Piso Crassus Frugi Licinianus	87–87					NO-DATE on wikidata
2320	2293	C. Bellicus Natalis P. Gavidius Tebanianus	87–87					NO-URL no title match
2321	2294	C. Cilnius Proculus	87–87					NO-DATE on wikidata
2322	2295	L. Volusius Saturninus						NO-DATE on wikidata
2323	2296	C. Ducenius Proculus	87–87					NO-URL no title match
2324	2297	L. Neratius Priscus	87–87					NO-DATE on wikidata
2325	2298	D. Plotius Grypus	88–88					NO-DATE on wikidata
2326	2299	Q. Ninnius Hasta	88–114					NO-URL no title match
2327	2300	M. Otacilius Catulus	88–88					NO-URL no title match
2328	2301	L. Minicius Rufus	88–88					NO-DATE on wikidata
2329	2302	(L. Scribonius?) Libo (Rupilius?) Frugi	88–88			101	wikidata	OK died only
2330	2303	Sex. Julius Sparsus	88–88					NO-DATE on wikidata
2331	2304	T. Aurelius Fulvus	85–89					NO-DATE on wikidata
2332	2305	P. Sallustius Blaesus	89–89					NO-DATE on wikidata
2333	2306	A. Vicirius Proculus	89–89		16	96	wikidata	OK
2334	2307	M. Asinius Atratinus	89–89					NO-DATE on wikidata
2335	2308	M. Peducaeus Saenianus	89–89					NO-URL no title match
2336	2309	M. Laberius Maximus	89–103					NO-DATE on wikidata
2337	2310	L. Cornelius Pusio Annius Messalla	90–90					NO-DATE on wikidata
2338	2311	L. Antistius Rusticus	90–90		48		wikidata	OK born only
2339	2312	Q. Accaeus Rufus	90–90					NO-URL no title match
2340	2313	P. Baebius Italicus	90–90					NO-QID
2341	2314	L. Albius Pullaienus Pollio	90–90					NO-URL no title match
2342	2315	M. Tullius Cerialis	90–90					NO-URL no title match
2343	2316	Ser. Julius Servianus	90–90		46	136	wikidata	OK
2344	2317	C. Caristanius Fronto	90–90					NO-DATE on wikidata
2345	2318	C. Aquilius Proculus	90–90					NO-URL no title match
2346	2319	Cn. Pinarius Aemilius Cicatricula Pompeius Longinus	90–90			106	wikidata	OK died only
2347	2320	Cn. Pompeius Catullinus	90–90					NO-DATE on wikidata
2348	2321	M. Acilius Glabrio				95	wikidata	OK died only
2349	2322	Cn. Minicius Faustinus	91–91					NO-URL no title match
2350	2323	Q. Valerius Vegetus	91–91					NO-URL no title match
2352	2324	P. Valerius Marinus	91–91					NO-URL no title match
2353	2325	P. Metilius Sabinus Nepos	91–103			118	wikidata	OK died only
2354	2326	L. Venuleius Montanus Apronianus	92–92					NO-DATE on wikidata
2355	2327	L. Stertinius Avitus	92–92					NO-DATE on wikidata
2356	2328	C. Julius Silanus	92–92					NO-DATE on wikidata
2358	2329	Ti. Julius Celsus Polemaeanus	92–92		45	120	wikidata	OK
2359	2330	Q. Junius Arulenus Rusticus	92–92		35	93	wikidata	OK
2360	2331	Sex. Pompeius Collega	93–93					NO-DATE on wikidata
2361	2332	T. Avidius Quietus	93–111					MISMATCH died 107 before reign end 111
2362	2333	C. Cornelius Rarus Sextius Na(so?)	93–93					NO-DATE on wikidata
2363	2334	Q. Peducaeus Priscinus	93–93					NO-DATE on wikidata
2364	2335	Sex. Lusianus Proculus	93–93					NO-URL no title match
2365	2336	(? Tuccius Ceria)lis	93–93					NO-DATE on wikidata
2366	2337	L. Nonius Calpurnius Asprenas Torquatus	94–128					NO-DATE on wikidata
2367	2338	M. Lollius Paullinus D. Valerius Asiaticus Saturninus	94–125		60		wikidata	OK born only
2368	2339	L. Silius Decianus	94–94					NO-URL no title match
2369	2340	T. Sextius Magius Lateranus	94–197					NO-DATE on wikidata
2370	2341	C. Antius A. Julius Quadratus	94–105					NO-DATE on wikidata
2371	2342	T. Pomponius Bassus	94–94					NO-DATE on wikidata
2372	2343	L. Neratius Marcellus	95–129					NO-DATE on wikidata
2373	2344	Q. Pomponius Rufus	95–95					NO-DATE on wikidata
2374	2345	T. Flavius Clemens	95–95		50	95	wikidata	OK
2375	2346	P. Ducenius Verus	95–95					NO-URL no title match
2376	2347	L. Baebius Tullus	95–95					NO-DATE on wikidata
2377	2348	C. Manlius Valens	96–96		6	96	wikidata	OK
2378	2349	Q. Fabius Postuminus	96–96					NO-DATE on wikidata
2379	2350	Ti. Catius Caesius Fronto	96–96			109	wikidata	OK died only
2380	2351	C. Antistius Vetus						NO-DATE on wikidata
2381	2352	T. Prifernius Paetus	96–96					NO-URL no title match
2382	2353	M. Calpurnius (...)cus	96–96					NO-URL no title match
2383	2354	M. Annius Verus	97–126		57		wikidata	OK born only
2384	2355	L. Domitius Apollinaris	97–97					NO-DATE on wikidata
2385	2356	L. Pomponius Maternus	97–97					NO-URL no title match
2386	2357	P. Cornelius Tacitus	97–97		55	120	wikidata	OK
2387	2358	(C.?) Calpurnius Piso	97–97					NO-DATE on wikidata
2388	2359	L. Neratius Priscus	97–97					NO-DATE on wikidata
2389	2360	Sex. Hermentidius Campanus	97–97					NO-DATE on wikidata
2390	2361	Q. Glitius Atilius Agricola	97–103					NO-DATE on wikidata
2391	2362	(?) M. Ostorius Scapula	97–97					NO-URL no title match
2392	2363	C. Pomponius Pius						NO-QID
2393	2364	A. Vicirius Martialis	98–98					NO-DATE on wikidata
2394	2365	C. Pomponius Rufus Acilius [Pri]scus Coelius Sparsus	98–98					NO-DATE on wikidata
2395	2366	Q. Fulvius Gillo Bittius Proculus	98–98			119	wikidata	OK died only
2396	2367	L. Maecius Postumus	98–98					NO-DATE on wikidata
2397	2368	Cn. Pompeius Ferox Licinianus	98–98					NO-DATE on wikidata
2398	2369	P. Julius Lupus	98–98					NO-DATE on wikidata
3359	2370	Sex. Julius Frontinus	98–100		30	103	wikidata	OK
3371	2371	Cn. Domitius Afer Curvius Tullus	98–98					NO-DATE on wikidata
3372	2372	T. Vestricius Spurinna	98–98		25	101	wikidata	OK
2399	2373	A. Cornelius Palma Frontonianus	99–109			117	wikidata	OK died only
2400	2374	P. Sulpicius Lucretius Barba	99–99					NO-URL no title match
2401	2375	Q. Fabius Barbarus Valerius Magnus Julianus	99–99					NO-URL no title match
2402	2376	Ti. Julius Ferox	99–99					NO-URL no title match
2403	2377	Q. Sosius Senecio	99–107					NO-DATE on wikidata
2404	2378	Senecio Memmius Afer	99–99					NO-DATE on wikidata
2405	2379	A. Caecilius Faustinus	99–99					NO-DATE on wikidata
2406	2380	M. Marcius Macer	100–100					NO-DATE on wikidata
2407	2381	L. Herennius Saturninus	100–100					NO-DATE on wikidata
2408	2382	Q. Acutius Nerva	100–100					NO-DATE on wikidata
2409	2383	C. Plinius Caecilius Secundus	100–100		61	113	wikidata	OK
2410	2384	L. Roscius Aelianus Maecius Celer	100–100					NO-DATE on wikidata
2411	2385	C. Cilnius Proculus	100–100					NO-QID
2412	2386	Pomponius Mamilianus	100–100					NO-DATE on wikidata
2413	2387	L. Fabius Tuscus	100–100					NO-DATE on wikidata
2414	2388	C. Julius Cornutus Tertullus	100–100		45	117	wikidata	OK
2415	2389	Ti. Claudius Sacerdos Julianus	100–100					NO-DATE on wikidata
2416	2390	Sex. Attius Suburanus Aemilianus	101–104					NO-DATE on wikidata
2417	2391	C. Sertorius Brocchus Q. Servaeus Innocens	101–101					NO-URL no title match
2418	2392	[...]us Proculus	101–101					NO-URL no title match
2419	2393	L. Arruntius Stella	101–101					NO-DATE on wikidata
2420	2394	M. Maecius Celer	101–101					NO-DATE on wikidata
2421	2395	ignotus	101–204					MISMATCH born 1869 after reign start 101
2422	2396	L. Julius Marinus Caecilius Simplex	101–101					NO-DATE on wikidata
2545	2397	Q. Articuleius Paetus	78–101					NO-DATE on wikidata
2423	2398	T. Didius Secundus	102–102					NO-URL no title match
2424	2399	L. Antonius Albus	102–102					NO-DATE on wikidata
2425	2400	L. Fabius Justus	102–102					NO-URL no title match
2426	2401	L. Publilius Celsus	102–113			118	wikidata	OK died only
2427	2402	M. Junius Homullus	102–102					NO-DATE on wikidata
3360	2403	L. Licinius Sura	102–107		40	108	wikidata	OK
3373	2404	L. Julius Ursus Servianus	102–134		46	136	wikidata	OK
2429	2405	[? M. Flavius Ap]er	103–103					NO-URL no title match
2430	2406	(A?)nnius Mela	103–103					NO-URL no title match
2431	2407	Q. Baebius Macer	103–103					NO-DATE on wikidata
2432	2408	C. Trebonius Proculus Mettius Modestus	103–103					NO-DATE on wikidata
2433	2409	P. Calpurnius Macer Caulius Rufus	103–103					NO-DATE on wikidata
2434	2410	Sex. Subrius Dexter Cornelius Priscus	104–104					NO-DATE on wikidata
2435	2411	M. Asinius Marcellus	104–104					NO-DATE on wikidata
2436	2412	Cn. C[---]ius Paullus Caesonianus	104–104					NO-URL no title match
2438	2413	C. Julius Quadratus Bassus	105–105		70	117	wikidata	OK
2439	2414	M. Vitorius Marcellus	105–105		60		wikidata	OK born only
2440	2415	Cn. Afranius Dexter	105–105					NO-URL no title match
2441	2416	Q. Caelius Honoratus	105–105					NO-URL no title match
2442	2417	C. Caecilius Strabo	105–105					NO-URL no title match
2443	2418	L. Ceionius Commodus						NO-DATE on wikidata
2444	2419	L. Minicius Natalis	106–106					NO-DATE on wikidata
2445	2420	Sex. Vettulenus Civica Cerialis	106–106					NO-DATE on wikidata
2446	2421	Q. Licinius Silvanus Granianus Quadronius Proculus	106–106					NO-URL no title match
2447	2422	Acilius Rufus	107–107					NO-DATE on wikidata
2448	2423	C. Minicius Fundanus	107–107					NO-DATE on wikidata
2449	2424	C. Julius Longinus	107–107					NO-URL no title match
2450	2425	C. Vettennius Severus	107–107					NO-URL no title match
2451	2426	C. Valerius Paullinus	107–107					NO-DATE on wikidata
2452	2427	Ap. Annius Trebonius Gallus	108–108					NO-DATE on wikidata
2454	2428	Q. Pompeius Falco	108–108					NO-DATE on wikidata
2455	2429	M. Appius Bradua	108–108					NO-DATE on wikidata
2456	2430	M. Trebatius Priscus	108–108					NO-URL no title match
2457	2431	M. Titius Lustricus Bruttianus	108–108					NO-DATE on wikidata
2458	2432	L. Annius Largus	109–147					NO-URL no title match
2459	2433	Cn. Antonius Fuscus	109–109					NO-URL no title match
2460	2434	C. Aburnius Valens	109–109					NO-URL no title match
2461	2435	P. Calvisius Tullus Ruso	109–109					NO-URL no title match
2462	2436	C. Julius Antiochus Epiphanes Philopappus	109–109		70	126	wikidata	OK
2463	2437	C. Julius Proculus	109–109			132	wikidata	OK died only
2464	2438	M. Peducaeus Priscinus	110–110					NO-DATE on wikidata
2465	2439	C. Avidius Nigrinus	110–110			118	wikidata	OK died only
2466	2440	L. Catilius Severus Julianus Claudius Reginus	110–120			140	wikidata	OK died only
2467	2441	A. Larcius Priscus	110–110					NO-DATE on wikidata
2468	2442	Ser. Cornelius Scipio Salvidienus Orfitus	110–110					NO-DATE on wikidata
2469	2443	Ti. Julius Aquila Polemaeanus	110–110					NO-URL no title match
2470	2444	C. Erucianus Silo	110–110					NO-URL no title match
2471	2445	Sex. Marcius Honoratus	110–110					NO-URL no title match
2472	2446	C. Calpurnius Piso						NO-DATE on wikidata
2473	2447	T. Avidius Quietus						NO-DATE on wikidata
2474	2448	L. Octavius Crassus	111–111					NO-URL no title match
2475	2449	M. Vettius Bolanus	111–111					NO-DATE on wikidata
2476	2450	L. Eggius Marullus	111–111					NO-URL no title match
2477	2451	P. Coelius Apollinaris	111–169					NO-URL no title match
2478	2452	[M.?] Licinius Ruso	112–112					NO-URL no title match
2479	2453	Cn. Pinarius Cornelius Severus	112–112					NO-DATE on wikidata
2480	2454	P. Stertinius Quartus	112–112					NO-QID
2481	2455	C. Claudius Severus	112–112					NO-DATE on wikidata
2482	2456	T. Sextius Cornelius Africanus	112–112					NO-URL no title match
2483	2457	L. Mummius Niger Q. Valerius Vegetus	112–112					NO-URL no title match
2484	2458	T. Julius Maximus Manlianus Brocchus Servilianus	112–112					NO-DATE on wikidata
2485	2459	T. Settidius Firmus	112–112					NO-URL no title match
2486	2460	Ser. Cornelius Dolabella Metilianus Pompeius Marcellus	113–113					NO-DATE on wikidata
2487	2461	L. Stertinius Noricus	113–113					NO-DATE on wikidata
2488	2462	Cn. Cornelius Urbicus	113–113					NO-URL no title match
2489	2463	C. Clodius Crispinus	113–113					NO-URL no title match
2490	2464	L. Fadius Rufinus	113–113					NO-URL no title match
2491	2465	T. Sempronius Rufus	113–113					NO-URL no title match
2492	2466	Q. Ninnius Hasta						NO-DATE on wikidata
2493	2467	C. Clodius Nummus	114–114					NO-DATE on wikidata
2494	2468	L. Hedius Rufus Lollianus Avitus	114–144					NO-DATE on wikidata
2495	2469	P. Manilius Vopiscus Vicinillianus	114–114					NO-DATE on wikidata
2496	2470	L. Caesennius Sospes	114–114					NO-URL no title match
2497	2471	M. Messius Rusticus	114–114					NO-URL no title match
2498	2472	L. Vipstanus Messalla	115–115		75		wikidata	OK born only
2499	2473	L. Julius Frugi	115–115					NO-URL no title match
2500	2474	M. Pompeius Macrinus Neos Theophanes	115–115					NO-DATE on wikidata
2501	2475	M. Pedo Vergilianus	115–115			115	wikidata	OK died only
2502	2476	T. Statilius Maximus Severus Hadrianus	115–115					NO-URL no title match
2503	2477	P. Juventius Celsus T. Aufidius Hoenius Severianus	115–129		67	130	wikidata	OK
2504	2478	T. Vibius Varus	115–134					NO-DATE on wikidata
2505	2479	L. Fundanius Lamia Aelianus	116–116					NO-DATE on wikidata
2506	2480	Ti. Julius Secundus	116–116					NO-URL no title match
2507	2481	D. Terentius Gentianus	116–116					NO-DATE on wikidata
2508	2482	L. Statius Aquila	116–116					NO-URL no title match
2509	2483	Sex. Carminius Vetus	116–150					NO-URL no title match
2510	2484	M. Egnatius Marcellinus	116–116					NO-DATE on wikidata
2511	2485	L. Co[...]	116–116					NO-URL no title match
2512	2486	C. Julius Alexander Berenicianus	116–116		75	150	wikidata	OK
2513	2487	Q. Aquilius Niger	117–117					NO-URL no title match
2514	2488	L. Cossonius Gallus	117–117					NO-DATE on wikidata
2515	2489	M. Rebilus Apronianus	117–117					NO-URL no title match
2516	2490	P. Afranius Flavianus	117–117					NO-DATE on wikidata
2517	2491	L. Pomponius Bassus	118–118					NO-QID
2518	2492	Cn. Pedanius Fuscus Salinator						NO-URL no title match
2519	2493	Bellicius Tebanianus	118–118					NO-DATE on wikidata
2520	2494	C. Ummidius Quadratus	118–118					NO-DATE on wikidata
2521	2495	T. Sabinius Barbarus	118–118					NO-DATE on wikidata
2522	2496	M. Paccius Silvanus Q. Coredius Gallus Gargilius Antiquus	119–119					NO-DATE on wikidata
2523	2497	C. Herennius Capella	119–119					NO-URL no title match
2524	2498	P. Dasumius Rusticus	119–119					NO-URL no title match
2525	2499	A. Platorius Nepos	119–119		85		wikidata	OK born only
2526	2500	Q. Vibius Gallus	119–119					NO-URL no title match
2527	2501	L. Coelius Rufus	119–119					NO-URL no title match
2528	2502	C. Quinctius Certus Poblicius Marcellus	120–120					NO-DATE on wikidata
2529	2503	C. Arminius Gallus	120–120					NO-URL no title match
2531	2504	T. Rutilius Propinquus	120–120					NO-URL no title match
2532	2505	C. Atilius Serranus						NO-URL no title match
2533	2506	M. Herennius Faustus	121–121					NO-DATE on wikidata
2534	2507	T. Pomponius Antistianus Funisulanus Vettonianus	121–121					NO-DATE on wikidata
2535	2508	M. Statorius Secundus	121–121					NO-URL no title match
2536	2509	Cn. Arrius Augur	121–121					NO-DATE on wikidata
2537	2510	Q. Pomponius Marcellus	121–121					NO-QID
2538	2511	L. Pomponius Silvanus	121–121					NO-DATE on wikidata
2539	2512	L. Sempronius Merula Auspicatus	121–121					NO-URL no title match
2540	2513	M. Acilius Aviola						NO-DATE on wikidata
2541	2514	Ti. Julius Candidus Capito	122–122					NO-URL no title match
2542	2515	C. Trebius Maximus	122–122					NO-URL no title match
2543	2516	L. Corellius Neratius Pansa	122–122					NO-DATE on wikidata
2544	2517	L. Vitrasius Flamininus	122–122					NO-DATE on wikidata
3362	2518	T. Calestrius Tiro Orbius Speratus	122–122					NO-DATE on wikidata
2546	2519	T. Prifernius Geminus	123–123					NO-DATE on wikidata
2547	2520	T. Salvius Rufinus Minicius Opimianus	123–123					NO-DATE on wikidata
2548	2521	L. Venuleius Apronianus Octavius Priscus	123–168					MISMATCH died 149 before reign end 168
2549	2522	P. Metilius Secundus	123–123					NO-DATE on wikidata
3410	2523	Q. Articuleius Paetinus	123–123					NO-DATE on wikidata
2550	2524	Cn. Sentius Aburnianus	123–123					NO-URL no title match
2551	2525	M. Acilius Glabrio						NO-DATE on wikidata
2552	2526	A. Larcius Macedo	124–124					NO-DATE on wikidata
2553	2527	C. Julius Gallus	124–124					NO-URL no title match
2554	2528	C. Bellicius Flaccus Torquatus Tebanianus	124–124					NO-DATE on wikidata
2555	2529	P. Ducenius Verres	124–124					NO-URL no title match
2556	2530	C. Valerius Severus	124–124					NO-DATE on wikidata
2557	2531	Q. Vetina Verus	125–125					NO-URL no title match
2558	2532	L. Titius Epidius Aquilinus	125–125					NO-DATE on wikidata
2559	2533	P. Lucius Cosconianus	125–125					NO-URL no title match
2560	2534	L. Valerius Propinquus	126–126					NO-DATE on wikidata
2561	2535	L. Cuspius Camerinus	126–126					NO-URL no title match
2562	2536	C. Eggius Ambibulus	126–126					NO-DATE on wikidata
2563	2537	C. Saenius Severus	126–126					NO-URL no title match
2564	2538	T. Atilius Rufus Titianus	127–127					NO-DATE on wikidata
2565	2539	P. Tullius Varro	127–127					NO-DATE on wikidata
2566	2540	Q. Tineius Rufus	127–182		90		wikidata	OK born only
2567	2541	L. Aemilius Juncus	127–127					NO-DATE on wikidata
2568	2542	M. Gavius Squilla Gallicanus	127–150					NO-DATE on wikidata
2569	2543	[D.?] Junius Paetus	127–127					NO-URL no title match
2570	2544	M. Licinius Celer Nepos	127–127					NO-DATE on wikidata
2571	2545	Sex. Julius Severus	127–127					NO-DATE on wikidata
2572	2546	L. Caesennius Antoninus	128–128					NO-DATE on wikidata
2573	2547	M. Junius Mettius Rufus	128–128					NO-DATE on wikidata
2574	2548	L. Valerius Flaccus						NO-DATE on wikidata
2575	2549	A. Egrilius Plarianus	128–128					NO-DATE on wikidata
2576	2550	M. Annius Libo	128–161			162	wikidata	OK died only
2577	2551	Q. Pomponius Maternus	128–128					NO-QID
2578	2552	M. [Junius Homullus?]	128–128					NO-URL no title match
2579	2553	Q. [Planius Sardus Varius Ambibulus?]	128–128					NO-URL no title match
2580	2554	Q. Julius Balbus						NO-URL no title match
2581	2555	Q. Fabius Catullinus	130–130					NO-DATE on wikidata
2582	2556	Cassius Agrippa (or Agrippinus)	130–130					NO-URL no title match
2583	2557	M. Flavius Aper	130–176					NO-DATE on wikidata
2584	2558	Ti. Claudius Quartinus	130–130					NO-DATE on wikidata
2585	2559	Sergius Octavius Laenas Pontianus	131–131					NO-DATE on wikidata
2586	2560	L. Fabius Gallus	131–131					NO-DATE on wikidata
2587	2561	M. Antonius Rufinus	131–131					NO-URL no title match
2588	2562	Q. Fabius Julianus	131–131					NO-DATE on wikidata
2589	2563	C. Junius Serius Augurinus	132–132					NO-URL no title match
2590	2564	C. Acilius Priscus	132–132					NO-URL no title match
2591	2565	C. Trebius Sergianus	132–132					NO-URL no title match
2592	2566	A. Cassius Arrianus	132–132					NO-URL no title match
2593	2567	M. Antonius Hiberus	133–133					NO-DATE on wikidata
2594	2568	Q. Flavius Tertullus	133–133					NO-URL no title match
2595	2569	Ti. Claudius Atticus Herodes	133–133		65	137	wikidata	OK
2596	2570	P. Mummius Sisenna	133–133					NO-DATE on wikidata
2597	2571	Q. Junius Rusticus	133–162		100	170	wikidata	OK
2598	2572	P. Sufenas Verus	133–133					NO-URL no title match
2599	2573	T. Haterius Nepos	134–134					NO-DATE on wikidata
2600	2574	P. Licinius Pansa	134–134					NO-URL no title match
2601	2575	T. Vibius Varus						NO-DATE on wikidata
2602	2576	L. Attius Macro	134–134					NO-DATE on wikidata
2603	2577	L. Tutilius Lupercus Pontianus	135–135					NO-URL no title match
2604	2578	M. Cutius Priscus Messius Rusticus Aemilius Papus Arrius Proculus Julius Celsus	135–135					NO-DATE on wikidata
2605	2579	P. Rutilius Fabianus	135–135					NO-URL no title match
2606	2580	P. Calpurnius Atilianus (Atticus Rufus?)	135–135					NO-URL no title match
2607	2581	L. Burbuleius Optatus Ligarianus	135–135			140	wikidata	OK died only
2608	2582	Cn. Papirius Aelianus Aemilius Tuscillus	135–135		100		wikidata	OK born only
2609	2583	Lucius Aelius Caesar	137–137		101	138	wikidata	OK
2610	2584	Sex. Vettulenus Civica Pompeianus	136–136					NO-URL no title match
2611	2585	P. Coelius Balbinus Vibullius Pius	137–137					NO-DATE on wikidata
2612	2586	Kanus Junius Niger	138–138					NO-URL no title match
2613	2587	M. Vindius Verus	138–138					NO-URL no title match
2614	2588	P. Cassius Secundus	138–138					NO-URL no title match
2615	2589	C. Pomponius Camerinus	138–138					NO-DATE on wikidata
2616	2590	P. Pactumeius Clemens	138–138			138	wikidata	OK died only
2617	2591	M. Nonius Mucianus	138–138					NO-DATE on wikidata
3411	2592	L. Claudius Proculus	139–139					NO-URL no title match
2618	2593	L. Minicius Natalis Quadronius Verus	139–139		96		wikidata	OK born only
2619	2594	M. Ceccius Justinus	139–139					NO-URL no title match
3363	2595	C. Bruttius Praesens L. Fulvius Rusticus	139–139		68	140	wikidata	OK
3381	2596	unidentified	39–159					NO-DATE on wikidata
3404	2597	C. Julius Bassus	139–139					NO-DATE on wikidata
3412	2598	[C. Julius? S]capula	139–139					NO-URL no title match
2627	2599	L. Aurelius Flaccus	140–140					NO-URL no title match
2628	2600	T. Flavius Julianus	140–140					NO-URL no title match
3405	2601	Q. Antonius Isauricus	140–140					NO-DATE on wikidata
3406	2602	Julius Crassipes	140–140					NO-URL no title match
3407	2603	M. Barbius Aemilianus	140–140					NO-URL no title match
2629	2604	T. Hoenius Severus	141–170					NO-URL no title match
2630	2605	C. Julius Pisibanus	141–141					NO-URL no title match
2631	2606	L. Annius Fabianus	141–201					NO-DATE on wikidata
2632	2607	M. Peducaeus Stloga Priscinus	141–141					NO-DATE on wikidata
2633	2608	[Larcius?] Lepidus	141–141					NO-URL no title match
3375	2609	T. Caesernius Statianus	141–141					NO-DATE on wikidata
2634	2610	L. Cuspius Pactumeius Rufinus	142–142					NO-URL no title match
2635	2611	L. Granius Castus	142–142					NO-URL no title match
2636	2612	M. Cornelius Fronto	142–142		100		wikidata	OK born only
2637	2613	L. Tusidius Campester	142–142					NO-URL no title match
2638	2614	[Sulpicius?] Julianus	142–142					NO-URL no title match
2639	2615	L. Statius Quadratus	142–142					NO-DATE on wikidata
2640	2616	Ti. Junius Julianus	142–142					NO-URL no title match
2641	2617	C. Laberius Priscus	142–142					NO-URL no title match
2642	2618	Q. Cornelius Senecio Annianus	142–142					NO-DATE on wikidata
2643	2619	[Ti. Julius? Castus]	142–142					NO-URL no title match
2644	2620	C. Bellicus Flaccus Torquatus	143–143					NO-URL no title match
2645	2621	Q. Junius Calamus	143–143					NO-URL no title match
2646	2622	L. Vibullius Hipparchus Ti. Claudius Atticus Herodes	143–143		101	177	wikidata	OK
2647	2623	M. Valerius Junianus	143–143					NO-URL no title match
2648	2624	L. Hedius Rufus Lollianus Avitus						NO-DATE on wikidata
2649	2625	L. Aemilius Carus	144–144					NO-DATE on wikidata
2650	2626	L. Marcius Celer M. Calpurnius Longus	144–144					NO-DATE on wikidata
2651	2627	T. Statilius Maximus	144–144					NO-DATE on wikidata
2652	2628	Q. Egrilius Plarianus	144–144					NO-DATE on wikidata
2653	2629	Q. Laberius Licinianus	144–144					NO-URL no title match
2654	2630	D. Velius Fidus	144–144					NO-URL no title match
2655	2631	L. Plautius Lamia Silvanus	145–145					NO-DATE on wikidata
2656	2632	Cn. Arrius Cornelius Proculus	145–145					NO-DATE on wikidata
2657	2633	Q. Mustius Priscus	145–145					NO-URL no title match
2658	2634	L. Petronius Sabinus	145–145					NO-URL no title match
2659	2635	C. Fadius Rufus	145–145					NO-URL no title match
2660	2636	L. Poblicola Priscus	145–145					NO-URL no title match
2661	2637	D. Junius [Paetus?]	145–145					NO-URL no title match
2662	2638	M. Pontius Laelianus	145–163					NO-DATE on wikidata
2663	2639	C. Vicrius Rufus	145–145					NO-URL no title match
2664	2640	P. Vicrius	145–145					NO-URL no title match
2665	2641	Q. Licinius Modestinus (Sex.?) Attius Labeo	146–146					NO-DATE on wikidata
2666	2642	P. Mummius Sisenna Rutilianus	146–146		102	172	wikidata	OK
2667	2643	Cn. Terentius Homullus Iunior	146–146					NO-URL no title match
2668	2644	Q. Voconius Saxa Fidus	146–146					NO-DATE on wikidata
2669	2645	L. Aemilius Longus	146–146					NO-URL no title match
2670	2646	Cn. Claudius Severus Arabianus	146–146		113		wikidata	OK born only
2671	2647	T. Prifernius Paetus Rosianus Nonius Agricola C. Labeo Tettius Geminus	146–146					NO-DATE on wikidata
2672	2648	L. Aurelius Gallus	146–198					NO-DATE on wikidata
2673	2649	C. Annianus Verus	146–146					NO-URL no title match
2674	2650	Q. Cornelius Proculus	146–146					NO-DATE on wikidata
3376	2651	Sex. Erucius Clarus	146–146			146	wikidata	OK died only
2675	2652	C. Ulpius Pacatus Prastina Messalinus	147–147					NO-DATE on wikidata
2676	2653	A. Claudius Charax	147–147					NO-DATE on wikidata
2677	2654	Cupressenus Gallus	147–147					NO-URL no title match
2678	2655	Sex. Cocceius Severianus Honorinus	147–147					NO-DATE on wikidata
2679	2656	L. Annius Largus						NO-URL no title match
2680	2657	Q. Fuficius Cornutus	147–147		110		wikidata	OK born only
2681	2658	Q. Cornelius Quadratus	147–147					NO-DATE on wikidata
2682	2659	Ti. Licinius Cassius Cassianus	147–147					NO-URL no title match
2683	2660	C. Popilius Carus Pedo	147–147					NO-DATE on wikidata
2684	2661	L. Octavius Cornelius P. Salvius Julianus Aemilianus	148–148		100	170	wikidata	OK
2685	2662	Satyrius Firmus	148–148					NO-URL no title match
2686	2663	L. Coelius Festus	148–148					NO-DATE on wikidata
2687	2664	C. Fabius Agrippinus	148–148					NO-DATE on wikidata
2688	2665	C. Bellicus Calpurnius Torquatus	148–148					NO-URL no title match
2689	2666	C. Salvius Capito	148–148					NO-URL no title match
2690	2667	P. Orfidius Senecio	148–148					NO-URL no title match
2691	2668	M. Antonius Zeno	148–148					NO-URL no title match
2692	2669	L. Sergius Salvidienus Scipio Orfitus	149–149					NO-DATE on wikidata
2693	2670	Q. Passienus Licinus	149–149					NO-URL no title match
2694	2671	Q. Pompeius Sosius Priscus	149–149					NO-DATE on wikidata
2695	2672	C. Julius Avitus	149–149					NO-URL no title match
2696	2673	M. Gavius Squilla Gallicanus						NO-DATE on wikidata
2697	2674	[...]mus	150–150					NO-URL no title match
2698	2675	M. Cassius Apollinaris	150–150					NO-URL no title match
2699	2676	C. Curtius Justus	150–150					NO-DATE on wikidata
2700	2677	Sex. Carminius Vetus						NO-URL no title match
2701	2678	C. La[berius Priscus?]	150–150					NO-URL no title match
2702	2679	M. Petronius Mamertinus	150–150					NO-DATE on wikidata
2703	2680	C. Julius Julianus	150–150					NO-URL no title match
2704	2681	Sex. Quintilius Condianus	151–180					NO-URL no title match
2705	2682	M. Cominius Secundus	151–151					NO-URL no title match
2706	2683	Sex. Quintilius Valerius Maximus	151–151			182	wikidata	OK died only
2707	2684	L. Attidius Cornelianus	151–151					NO-URL no title match
2708	2685	M. Acilius Glabrio Cn. Cornelius Severus	152–152					NO-DATE on wikidata
2709	2686	P. Sufenas [Verus?]	152–152					NO-URL no title match
2710	2687	C. Novius Priscus	152–152					NO-URL no title match
2711	2688	P. Cluvius Maximus Paulinus	152–152					NO-URL no title match
2712	2689	M. Valerius Homullus	152–152					NO-DATE on wikidata
2713	2690	L. Dasumius Tullius Tuscus	152–152					NO-DATE on wikidata
2714	2691	L. Julius Romulus	152–152					NO-URL no title match
2715	2692	M. Servilius Silanus	152–188					NO-URL no title match
2716	2693	L. Fulvius Rusticus C. Bruttius Praesens	153–180		119		wikidata	OK born only
2717	2694	[? Sex. Caecilius / C. Julius Max]imus	153–153					NO-URL no title match
2718	2695	P. Septimius Aper	153–153					NO-URL no title match
2719	2696	C. Cattius Marcellus	153–153					NO-URL no title match
2720	2697	A. Junius Rufinus	153–153					NO-URL no title match
2721	2698	M. Pontius Sabinus	153–153					NO-URL no title match
2722	2699	M. Sedatius Severianus Julius Acer Metilius Nepos Rufinus Ti. Rutilianus Censor	153–153		105	161	wikidata	OK
2723	2700	Q. Petiedius Gallus	153–153					NO-URL no title match
2724	2701	L. Aelius Aurelius Commodus	154–167		130	169	wikidata	OK
2725	2702	[Prifernius?] Paetus	154–154					NO-URL no title match
2726	2703	[? M. Valerius Etrus]cus (?)	154–154					NO-URL no title match
2727	2704	Ti. Claudius Julianus	154–154					NO-DATE on wikidata
2728	2705	C. Julius Statius Severus	154–154					NO-URL no title match
2729	2706	T. Sextius Lateranus	154–154					NO-DATE on wikidata
2730	2707	M. Nonius Macrinus	154–154					NO-DATE on wikidata
2731	2708	L. [Aemilius Iuncus?]	154–154					NO-URL no title match
2732	2709	Sex. Calpurnius Agricola	154–154		125	169	wikidata	OK
2733	2710	T. Junius Severus	154–154					NO-URL no title match
2734	2711	C. Julius Severus	155–155					NO-URL no title match
2735	2712	C. Aufidius Victorinus	155–183			185	wikidata	OK died only
2736	2713	Antius Pollio	155–155					NO-URL no title match
2737	2714	[D. Rupilius?] Severus	155–155					NO-URL no title match
2738	2715	M. Junius Rufinus Sabinianus	155–155					NO-URL no title match
2739	2716	M. Gavius [Appalius Maximus?]	155–155					NO-URL no title match
2740	2717	Minicius Opimianus	155–155					NO-URL no title match
2741	2718	L. Julius T. Statilius Severus	155–155					NO-URL no title match
2742	2719	M. Ceionius Silvanus	156–156					NO-URL no title match
2743	2720	A. Avillius Urinatius Quadratus	156–156					NO-URL no title match
2744	2721	Q. Canusius Praenestinus	156–156					NO-URL no title match
2745	2722	C. Serius Augurinus	156–156					NO-DATE on wikidata
2746	2723	Strabo Aemilianus	156–156					NO-URL no title match
2747	2724	C. Lusius Sparsus	156–156					NO-URL no title match
2748	2725	M. Vettulenus Civica Barbarus	157–157		125		wikidata	OK born only
2749	2726	L. Roscius Aelianus	157–157					NO-URL no title match
2750	2727	C. Julius Commodus Orfitianus	157–157					NO-URL no title match
2751	2728	Q. V[...]su[...]clus	157–157					NO-URL no title match
2752	2729	M. Metilius Aquillius Regulus Nepos Volusius Torquatus Fronto	157–157					NO-DATE on wikidata
2753	2730	Cn. Papirius Aelianus	157–184					NO-URL no title match
2754	2731	C. Caelius Secundus	157–157					NO-URL no title match
2755	2732	Q. [...]inus	157–157					NO-URL no title match
2756	2733	Sex. Sulpicius Tertullus	158–158					NO-DATE on wikidata
2757	2734	M. Servilius Fabianus Maximus	158–158					NO-URL no title match
2758	2735	Q. Pomponius Musa	158–158					NO-DATE on wikidata
2759	2736	Q. Tineius Sacerdos Clemens	158–158		100		wikidata	OK born only
2760	2737	Q. Iallius Bassus	158–158					NO-URL no title match
2761	2738	L. Cassius Juvenalis	158–158					NO-URL no title match
2762	2739	Plautius Quintillus	159–159					NO-DATE on wikidata
2763	2740	M. Pisibanius Lepidus	159–159					NO-URL no title match
2764	2741	P. Cornelius Dexter	159–159					NO-DATE on wikidata
2765	2742	A. Curtius Crispinus	159–159					NO-URL no title match
2766	2743	M. Statius Priscus Licinius Italicus	159–159					NO-DATE on wikidata
2767	2744	L. Matuccius Fuscinus	159–159					NO-URL no title match
2768	2745	Ap. Annius Atilius Bradua	160–160					NO-DATE on wikidata
2769	2746	A. Platorius Nepos Calpurnianus	160–160					NO-URL no title match
2770	2747	[C. Septimius? S]everus	160–160					NO-URL no title match
2771	2748	C. Prastina Pacatus	160–160					NO-URL no title match
2772	2749	Ti. Oclatius Severus	160–160					NO-DATE on wikidata
2773	2750	T. Clodius Vibius Varus	160–160					NO-DATE on wikidata
2774	2751	M. Postumius Festus	160–160					NO-URL no title match
2775	2752	[...] Flavus	160–160					NO-URL no title match
2776	2753	M. Censorius Paullus	160–160					NO-URL no title match
2777	2754	[Q.?] Ninnius Hastianus	160–160					NO-URL no title match
2778	2755	[... N]ovius Sabinianus	160–160					NO-URL no title match
2779	2756	M. Annius Libo				163	wikidata	OK died only
2780	2757	(?) Julius Geminus Capellianus	161–161					NO-URL no title match
2781	2758	Q. Camurius Numisius Junior	161–161					NO-DATE on wikidata
2782	2759	T. Flavius Boethus	161–161			169	wikidata	OK died only
2783	2760	Ti. Claudius Paullinus	162–162					NO-URL no title match
2784	2761	D. Fonteius Frontinianus L. Stertinius Rufus	162–162					NO-URL no title match
2785	2762	M. Insteius Bithynicus	162–162					NO-URL no title match
2786	2763	L. Titius Plautius Aquilinus	162–162					NO-DATE on wikidata
2787	2764	Ti. Claudius Pompeianus	162–173		130	193	wikidata	OK
2788	2765	M. Pontius Laelianus						NO-URL no title match
2789	2766	A. Junius Pastor L. Caesennius Sospes	163–163					NO-URL no title match
2790	2767	M. Pompeius Macrinus	164–164					NO-URL no title match
2791	2768	Ti. Haterius Saturninus	164–164					NO-DATE on wikidata
2792	2769	P. Juventius Celsus	164–164					NO-URL no title match
2793	2770	Q. Caecilius Avitus	164–164					NO-URL no title match
2794	2771	M. Gavius Orfitus	165–165					NO-URL no title match
2795	2772	L. Arrius Pudens	165–165					NO-URL no title match
2796	2773	Q. Servilius Pudens	166–166					NO-DATE on wikidata
2797	2774	M. Vibius Liberalis	166–166					NO-URL no title match
2798	2775	L. Fufidius Pollio	166–166					NO-URL no title match
2799	2776	P. Martius Verus	166–179					NO-DATE on wikidata
2800	2777	Q. Caecilius Dentilianus	167–167					NO-URL no title match
2801	2778	M. Ummidius Quadratus	167–167		138	182	wikidata	OK
2802	2779	M. Antonius Pallas	167–167					NO-URL no title match
2803	2780	Q. Tullius Maximus	168–168					NO-URL no title match
3364	2781	L. Sergius Paullus	168–168					NO-DATE on wikidata
2804	2782	Q. Pompeius Senecio Sosius Priscus	169–169					NO-DATE on wikidata
2805	2783	P. Coelius Apollinaris						NO-URL no title match
2806	2784	C. Erucius Clarus	170–170					NO-DATE on wikidata
2807	2785	T. Hoenius Severus						NO-URL no title match
2808	2786	M. Gavius Cornelius Cethegus	170–170					NO-DATE on wikidata
2809	2787	T. Statilius Severus	171–171					NO-URL no title match
2810	2788	L. Alfidius Herennianus	171–171					NO-URL no title match
2811	2789	Ser. Calpurnius Scipio Orfitus	172–172					NO-URL no title match
2812	2790	C. Modius Justus	172–172					NO-URL no title match
2813	2791	Sex. Quintilius Maximus	172–172					NO-URL no title match
3377	2792	Cn. Claudius Severus	173–235		133		wikidata	OK born only
2814	2793	L. Aurelius Gallus						NO-URL no title match
2815	2794	M. Aemilius Macer Saturninus	174–174					NO-URL no title match
2816	2795	Q. Volusius Flaccus Cornelianus	174–174					NO-DATE on wikidata
2817	2796	L. Calpurnius Piso						NO-DATE on wikidata
2818	2797	P. Helvius Pertinax	175–192		126	193	wikidata	OK
2819	2798	P. Salvius Julianus	175–175					NO-URL no title match
2820	2799	M. Didius Severus Julianus	175–175		133	193	wikidata	OK
3365	2800	M. Flavius Aper						NO-URL no title match
3378	2801	T. Pomponius Proculus Vitrasius Pollio	176–176			180	wikidata	OK died only
2822	2802	M. Peducaeus Plautius Quintillus	177–177			205	wikidata	OK died only
2823	2803	Ser. Cornelius Scipio Salvidienus Orfitus	178–178					NO-DATE on wikidata
2824	2804	D. Velius Rufus (Julianus?)	178–178					NO-URL no title match
2825	2805	T. Flavius Claudianus	179–179					NO-URL no title match
2826	2806	M. Acilius Faustinus	179–210					NO-URL no title match
2827	2807	L. Aemilius Iuncus	179–179					NO-URL no title match
2828	2808	L. Julius Proculianus	179–179					NO-URL no title match
2829	2809	Sex. Quintilius Condianus						NO-URL no title match
2830	2810	L. Antistius Burrus	181–181			187	wikidata	OK died only
2831	2811	M. Petronius Sura Mamertinus	182–182					NO-DATE on wikidata
2832	2812	(?) Aurelianus	182–182					NO-DATE on wikidata
2833	2813	Q. Tineius Rufus						NO-DATE on wikidata
2834	2814	(L. Attidius?) Cornelianus	182–182					NO-DATE on wikidata
2835	2815	L. Tutilius Pontianus Gentianus	183–183					NO-URL no title match
2836	2816	M. Herennius Secundus	183–183					NO-URL no title match
2837	2817	T. Pactumeius Magnus	183–183					NO-URL no title match
2838	2818	M. Egnatius Postumus	183–183					NO-DATE on wikidata
3413	2819	C. Domitius Dexter	183–196					NO-DATE on wikidata
2839	2820	L. Septimius Flaccus	183–183					NO-URL no title match
2840	2821	L. Cossonius Eggius Marullus	184–184					NO-DATE on wikidata
2841	2822	C. Octavius Vindex	184–184					NO-URL no title match
2842	2823	Cn. Papirius Aelianus						NO-URL no title match
2843	2824	Cassius Apronianus	184–184			184	wikidata	OK died only
2844	2825	Triarius Maternus Lascivius	185–185					NO-DATE on wikidata
2845	2826	Ti. Claudius M. Ap. Atilius Bradua Regillus Atticus	185–185					NO-DATE on wikidata
2846	2827	L. Novius Rufus	186–186					NO-URL no title match
2847	2828	C. Sabucius Maior Caecilianus	186–186					NO-DATE on wikidata
2848	2829	L. Annius Ravus	186–186					NO-URL no title match
2849	2830	Valerius Senecio	186–186					NO-URL no title match
2850	2831	L. Bruttius Quintius Crispinus	187–187					NO-DATE on wikidata
2851	2832	L. Roscius Aelianus Paculus	187–187					NO-URL no title match
3380	2833	P. Seius Fuscianus	188–188					NO-DATE on wikidata
2852	2834	Dulius Silanus	189–189					NO-URL no title match
2853	2835	Severus						NO-DATE on wikidata
2854	2836	Q. Servilius Silanus	189–189					NO-URL no title match
2855	2837	Vitellius	189–189					MISMATCH died 69 before reign end 189
2857	2838	M. Petronius Sura Septimianus	190–190					NO-URL no title match
2858	2839	Apuleius Rufinus	190–190					NO-URL no title match
2859	2840	Popilius Pedo Apronianus	191–191			205	wikidata	OK died only
2860	2841	M. Valerius Bradua Mauricus	191–191					NO-URL no title match
2861	2842	Q. Pompeius Sosius Falco	193–193					NO-DATE on wikidata
2862	2843	Q. Tineius Sacerdos	193–219					NO-DATE on wikidata
2863	2844	M. Silius Messala	193–193					NO-DATE on wikidata
2864	2845	L. Julius Messala Rutilianus	193–193					NO-URL no title match
2865	2846	L. Fabius Cilo Septiminus Catinius Acilianus Lepidus Fulcinianus	193–204					NO-DATE on wikidata
2866	2847	C. Julius Erucius Clarus Vibianus	193–193			197	wikidata	OK died only
2867	2848	P. Julius Scapula Priscus	193–193					NO-URL no title match
2868	2849	C. Aemilius Severus Cantabrinus	193–193					NO-URL no title match
2869	2850	C. Gabinius Barbarus Pompeianus	194–194					NO-URL no title match
2870	2851	D. Clodius Septimius Albinus Augustus (Gaul)	194–194		150	197	wikidata	OK
2871	2852	P. Julius Scapula Tertullus Priscus	195–195					NO-URL no title match
2872	2853	Q. Tineius Clemens	195–195					NO-DATE on wikidata
2873	2854	L. Valerius Messalla Thrasea Priscus	196–196		156	211	wikidata	OK
2875	2855	Cuspius Rufinus	197–197					NO-DATE on wikidata
2876	2856	P. Martius Sergius Saturninus	198–198					NO-URL no title match
2877	2857	Q. Anicius Faustus	198–198					NO-DATE on wikidata
2878	2858	L. Aurelius Gallus						NO-URL no title match
2879	2859	M. Aufidius Fronto	199–199					NO-URL no title match
3382	2860	P. Cornelius Anullinus	199–216					NO-DATE on wikidata
2880	2861	Ti. Claudius Severus Proculus	200–200		163		wikidata	OK born only
2881	2862	C. Aufidius Victorinus	200–200					NO-QID
2882	2863	L. Annius Fabianus						NO-DATE on wikidata
2883	2864	M. Nonius Arrius Mucianus	201–201					NO-DATE on wikidata
2884	2865	T. Murrenius Severus	202–202					NO-URL no title match
2886	2866	C. Cassius Regallianus	202–202					NO-DATE on wikidata
2887	2867	C. Fulvius Plautianus	203–203		150	205	wikidata	OK
2888	2868	L. Pomponius Liberalis	204–204					NO-URL no title match
2889	2869	M. Annius Flavius Libo	204–204					NO-DATE on wikidata
2890	2870	P. Septimius Geta Caesar	205–208		189	211	wikidata	OK
2891	2871	M. Nummius Umbrius Primus Senecio Albinus	206–206					NO-DATE on wikidata
2892	2872	P. Tullius Marsus	206–206					NO-URL no title match
2893	2873	L. Fulvius Gavius Numisius Petronius Aemilianus	206–206					NO-URL no title match
2894	2874	M. Caelius Faustinus	206–206					NO-URL no title match
2895	2875	L. Annius Maximus	207–207					NO-URL no title match
2896	2876	C. Septimius Severus Aper	207–207		175	212	wikidata	OK
2897	2877	L. Aurelius Commodus Pompeianus	209–209		176	212	wikidata	OK
2898	2878	Q. Hedius Lollianus Plautius Avitus	209–209					NO-DATE on wikidata
2899	2879	M. Acilius Faustinus						NO-URL no title match
2900	2880	A. Triarius Rufinus	210–210					NO-URL no title match
2901	2881	Hedius Lollianus Terentius Gentianus	211–211					NO-DATE on wikidata
2902	2882	Pomponius Bassus	211–271					MISMATCH died 221 before reign end 271
2903	2883	(Cn. Claudius ?) Severus	212–212					NO-DATE on wikidata
2904	2884	C. Julius Camilius Asper	212–212					NO-URL no title match
2905	2885	(Ti. Claudius?) Pompeianus	212–212					NO-DATE on wikidata
3383	2886	C. Julius Asper	212–212					NO-DATE on wikidata
2906	2887	L. Valerius Messalla	214–214					NO-DATE on wikidata
2907	2888	C. Octavius Appius Suetrius Sabinus	214–240					NO-DATE on wikidata
2908	2889	M. Munatius Sulla Cerialis	215–215			219	wikidata	OK died only
3384	2890	Q. Maecius Laetus	215–215					NO-DATE on wikidata
2909	2891	P. Cornelius Anullinus						NO-URL no title match
3408	2892	P. Catius Sabinus	216–216					NO-DATE on wikidata
2910	2893	C. Bruttius Praesens	217–246					NO-URL no title match
3366	2894	T. Messius Extricatus	217–217					NO-URL no title match
2911	2895	M. Oclatinius Adventus	218–218					NO-DATE on wikidata
2912	2896	P. Valerius Comazon	220–220					NO-DATE on wikidata
2913	2897	C. Vettius Gratus Sabinianus	221–221					NO-DATE on wikidata
2914	2898	M. Flavius Vitellius Seleucus	221–221					NO-URL no title match
2916	2899	L. Roscius Aelianus Paculus Salvius Julianus	223–223					NO-URL no title match
3385	2900	L. Marius Maximus Perpetuus Aurelianus	223–223					NO-DATE on wikidata
2917	2901	C. Bruttius Crispinus	224–224					NO-URL no title match
3386	2902	Ap. Claudius Julianus	224–224					NO-DATE on wikidata
2918	2903	Ser. Calpurnius Domitius Dexter	225–225					NO-URL no title match
3387	2904	Ti. Manilius Fuscus	225–225					NO-URL no title match
3379	2905	C. Aufidius Marcellus	226–226					NO-URL no title match
2919	2906	M. Nummius Senecio Albinus	227–227					NO-DATE on wikidata
2920	2907	M. Laelius Fulvius Maximus Aemilianus	227–227					NO-URL no title match
2921	2908	M. Pomponius Maecius Probus	228–228					NO-DATE on wikidata
3388	2909	Q. Aiacius Modestus Crescentianus	228–228					NO-URL no title match
2922	2910	L. Cassius Dio	229–229		150	235	wikidata	OK
2923	2911	L. Virius Agricola	230–230					NO-URL no title match
2924	2912	Sex. Catius Clementinus Priscillianus	230–230					NO-DATE on wikidata
2925	2913	L. Ti. Claudius Pompeianus	231–231					NO-DATE on wikidata
2926	2914	T. Flavius Sallustius Paelignianus	231–231					NO-URL no title match
2927	2915	L. Virius Lupus Julianus	232–232					NO-DATE on wikidata
2928	2916	L. Marius Maximus Aurelianus	232–232					NO-URL no title match
2929	2917	L. Valerius Maximus Acilius Priscillianus	233–233					NO-DATE on wikidata
2930	2918	Cn. Cornelius Paternus	233–233					NO-URL no title match
2931	2919	M. Munatius Sulla Urbanus	234–234					NO-URL no title match
3389	2920	M. Clodius Pupienus Maximus	234–234		178	238	wikidata	OK
2932	2921	Cn. Claudius Severus						NO-URL no title match
2933	2922	L. Ti. Claudius Quintianus	235–235					NO-URL no title match
2934	2923	C. Julius Verus Maximinus Augustus	236–236		173	238	wikidata	OK
2935	2924	M. Pupienus Africanus Maximus	236–236					NO-DATE on wikidata
2936	2925	L. Marius Perpetuus	237–237					NO-URL no title match
2937	2926	L. Mummius Felix Cornelianus	237–237					NO-URL no title match
2938	2927	C. Fulvius Pius	238–238					NO-URL no title match
2939	2928	Q. Pontius Proculus Pontianus	238–238					NO-URL no title match
2940	2929	M. Antonius Gordianus Augustus	239–241		225	244	wikidata	OK
2941	2930	M. Acilius Aviola	239–239					NO-DATE on wikidata
2942	2931	L. Ragonius Venustus	240–240					NO-DATE on wikidata
2943	2932	Clodius Pompeianus	241–241					NO-URL no title match
2944	2933	C. Vettius Gratus Atticus Sabinianus	242–242					NO-DATE on wikidata
2945	2934	C. Asinius Lepidus Praetextatus	242–242					NO-URL no title match
2946	2935	L. Annius Arrianus	243–243					NO-DATE on wikidata
2947	2936	C. Cervonius Papus	243–243					NO-URL no title match
2948	2937	Ti. Pollienus Armenius Peregrinus	244–244					NO-DATE on wikidata
2949	2938	Fulvius Aemilianus	244–244					NO-URL no title match
2950	2939	M. Julius Philippus Augustus	245–248		204	249	wikidata	OK
2951	2940	C. Maesius Titianus	245–245					NO-URL no title match
2952	2941	C. Bruttius Praesens						NO-URL no title match
2953	2942	C. Allius Albinus	246–246					NO-URL no title match
2955	2943	L. Naevius Aquilinus	249–249					NO-URL no title match
3390	2944	L. Fulvius Gavius Numisius Aemilianus	249–249					NO-URL no title match
2956	2945	Vettius Gratus	250–250					NO-DATE on wikidata
2957	2946	Q. Herennius Etruscus Messius Decius Caesar	251–251		227	251	wikidata	OK
2958	2947	C. Vibius Volusianus Augustus	252–253		230	253	wikidata	OK
2959	2948	L. Valerius Poplicola Balbinus Maximus	253–253					NO-DATE on wikidata
2960	2949	P. Licinius Gallienus Augustus	254–266		218	268	wikidata	OK
2961	2950	M. Acilius Glabrio						NO-DATE on wikidata
3391	2951	L. Valerius Maximus . . . Acilius Priscillianus	256–256					NO-DATE on wikidata
2962	2952	M. Nummius Tuscus	258–258					NO-DATE on wikidata
2963	2953	Mummius Bassus	258–258					NO-URL no title match
2964	2954	Aemilianus	259–259					NO-URL no title match
2966	2955	Gaul: M. Cassianius Latinius Postumus Augustus	260–269			269	wikidata	OK died only
2967	2956	Honoratianus	260–260					NO-URL no title match
3392	2957	P. Cornelius Saecularis	260–260					NO-DATE on wikidata
3393	2958	C. Junius Donatus	260–260					NO-DATE on wikidata
2968	2959	L. Petronius Taurus Volusianus	261–261					NO-DATE on wikidata
2969	2960	Nummius Faus(t?)ianus	262–262					NO-URL no title match
2970	2961	Dexter (Maximus?)	263–263					NO-DATE on wikidata
3394	2962	M. Nummius Albinus	263–345					MISMATCH reign end 345 is 145y after birth 200
2971	2963	Saturninus	264–383					NO-DATE on wikidata
2972	2964	Lucillus	265–265					NO-DATE on wikidata
3395	2965	Licinius Valerianus	265–265					NO-QID
2973	2966	Sabinillus	266–266					NO-DATE on wikidata
2974	2967	Ovinius C. Julius Aquilius Paternus	267–267					NO-DATE on wikidata
2975	2968	Arcesilaus	267–267					NO-DATE on wikidata
2976	2969	M. Piavonius Victorinus	267–269			271	wikidata	OK died only
2977	2970	(Egnatius/Licinius) Marinianus	268–268			268	wikidata	OK died only
3396	2971	Aspasius Paternus	268–268					NO-DATE on wikidata
2978	2972	M. Aurelius Claudius (Gothicus) Augustus	269–269		214	270	wikidata	OK
2979	2973	Paternus	269–269			510	wikidata	OK died only
2980	2974	Virius Orfitus	270–270					NO-DATE on wikidata
3397	2975	Flavius Antiochianus	270–270					NO-DATE on wikidata
2981	2976	Gaul: C. Pius Esuvius Tetricus Augustus	271–274			275	wikidata	OK died only
2982	2977	T. Flavius Postumius Quietus	272–272					NO-DATE on wikidata
2983	2978	Junius Veldumnianus	272–272					NO-URL no title match
2984	2979	Julius Placidianus	273–273					NO-DATE on wikidata
2985	2980	Capitolinus	274–274					NO-DATE on wikidata
2986	2981	(Aurelius?) Marcellinus	275–275					NO-DATE on wikidata
2987	2982	(Fulvius?) Aemilianus	276–276					MISMATCH died 253 before reign end 276
2988	2983	(L. Julius?) Paulinus	277–277					NO-DATE on wikidata
2989	2984	Virius Lupus	278–278					NO-DATE on wikidata
3398	2985	Nonius Paternus	279–279					NO-DATE on wikidata
2990	2986	(L. Valerius?) Messalla	280–280					NO-DATE on wikidata
2991	2987	(Vettius?) Gratus	280–280					NO-DATE on wikidata
2992	2988	Junius Tiberianus	281–281					NO-DATE on wikidata
2993	2989	Victorinus	282–282					MISMATCH died 271 before reign end 282
2994	2990	M. Aurelius Carinus Augustus	283–285		250	285	wikidata	OK
2995	2991	M. Aurelius Numerianus Augustus	284–284		254	284	wikidata	OK
2996	2992	(L. Caesonius?) Bassus	284–284					NO-DATE on wikidata
3399	2993	T. Claudius Aurelius Aristobulus	285–285					NO-DATE on wikidata
2997	2994	Vettius Aquilinus	286–286					NO-URL no title match
3400	2995	M. Junius Maximus	286–286					NO-URL no title match
2998	2996	(...)a	288–288					NO-DATE on wikidata
2999	2997	Pomponius Januarianus	288–288					NO-DATE on wikidata
3000	2998	(...)ivianus	288–288					NO-URL no title match
3001	2999	M. Magrius Bassus	289–289					NO-URL no title match
3002	3000	M. Umbrius Primus	289–289					NO-URL no title match
3003	3001	Ceionius Proculus	289–289					NO-URL no title match
3004	3002	Flavius Decimus	289–289					NO-URL no title match
3005	3003	L. Ragonius Quintianus	289–289					NO-URL no title match
3006	3004	T. Flavius Coelianus	289–289					NO-URL no title match
3007	3005	Helvius Clemens	289–289					NO-URL no title match
3008	3006	... ninius Maximus	289–289					NO-URL no title match
3009	3007	Cassius Dio	291–291					NO-DATE on wikidata
3401	3008	C. Junius Tiberianus	291–291		230		wikidata	OK born only
3010	3009	Afranius Hannibalianus	292–292		251		wikidata	OK born only
3011	3010	Julius Asclepiodotus	292–292					NO-DATE on wikidata
3013	3011	Nummius Tuscus	295–295					NO-DATE on wikidata
3014	3012	C. Annius Anullinus	295–295					NO-DATE on wikidata
3015	3013	Virius Gallus	298–298					NO-DATE on wikidata
3402	3014	Anicius Faustus	298–298					NO-DATE on wikidata
3016	3015	Virius Nepotianus	301–301					NO-DATE on wikidata
3403	3016	T. Flavius Postumius Titianus	301–301					NO-DATE on wikidata
3017	3017	(a) Flavius Valerius Severus Augustus	307–307			307	wikidata	OK died only
3021	3018	M. Aurelius Valerius Romulus	308–309		294	309	wikidata	OK
3023	3019	Tatius Andronicus	310–310					NO-URL no title match
3024	3020	Pompeius Probus	310–310					NO-DATE on wikidata
3025	3021	C. Ceionius Rufius Volusianus	311–314		247	330	wikidata	OK
3026	3022	Rufinus	311–392					NO-DATE on wikidata
3028	3023	Petronius Annianus	314–314					NO-URL no title match
3029	3024	Antonius Caecina Sabinus	316–316					NO-URL no title match
3030	3025	C. Vettius Cossinius Rufinus	316–316					NO-DATE on wikidata
3031	3026	Ovinius Gallicanus	317–317					NO-DATE on wikidata
3032	3027	Caesonius Bassus	317–317					NO-DATE on wikidata
3033	3028	Flavius Julius Crispus Caesar	318–324		303	326	wikidata	OK
3034	3029	Valerius Licinianus Licinius Caesar	319–321		315	326	wikidata	OK
3036	3030	Petronius Probianus	322–322					NO-DATE on wikidata
3037	3031	Amnius Anicius Julianus	322–322					NO-DATE on wikidata
3038	3032	Acilius Severus	323–323					NO-DATE on wikidata
3039	3033	Vettius Rufinus	323–323					NO-DATE on wikidata
3040	3034	Valerius Proculus	325–325					NO-URL no title match
3041	3035	Julius Julianus	325–325					NO-DATE on wikidata
3042	3036	Sex. Anicius Paulinus	325–325					NO-DATE on wikidata
3044	3037	Flavius Constantius	327–327					MISMATCH died 306 before reign end 327
3045	3038	Valerius Maximus	327–327					NO-DATE on wikidata
3046	3039	Flavius Januarinus	328–328					NO-URL no title match
3047	3040	Vettius Justus	328–328					NO-URL no title match
3048	3041	Gallicanus	330–330			362	wikidata	OK died only
3049	3042	Aurelius Valerius Symmachus Tullianus	330–330					NO-DATE on wikidata
3050	3043	Junius Bassus	331–331					NO-DATE on wikidata
3051	3044	Ablabius	331–331			338	wikidata	OK died only
3052	3045	L. Papius Pacatianus	332–332					NO-DATE on wikidata
3053	3046	Mecilius Hilarianus	332–332					NO-DATE on wikidata
3054	3047	Flavius Dalmatius	333–333			337	wikidata	OK died only
3055	3048	Domitius Zenofilus	333–333					NO-DATE on wikidata
3056	3049	Optatus	334–334			337	wikidata	OK died only
3057	3050	Amnius Manius Caesonius Nicomachus Anicius Paulinus	334–334					NO-DATE on wikidata
3058	3051	Julius Constantius	335–335		289	337	wikidata	OK
3059	3052	Ceionius Rufius Albinus	335–335					NO-DATE on wikidata
3060	3053	Nepotianus	336–336			350	wikidata	OK died only
3061	3054	Tettius Facundus	336–336					NO-URL no title match
3062	3055	Felicianus	337–337					NO-DATE on wikidata
3063	3056	Fabius Titianus	337–337					NO-DATE on wikidata
3064	3057	Ursus	338–338					NO-DATE on wikidata
3065	3058	Polemius	338–338					NO-DATE on wikidata
3067	3059	Septimius Acindynus	340–340					NO-DATE on wikidata
3068	3060	L. Aradius Valerius Proculus	340–340					NO-DATE on wikidata
3069	3061	Antonius Marcellinus	341–341					NO-URL no title match
3070	3062	Petronius Probinus	341–489					NO-DATE on wikidata
3071	3063	M. Maecius Memmius Furius Baburius Caecilianus Placidus	343–343					NO-DATE on wikidata
3072	3064	Romulus	343–343					NO-DATE on wikidata
3073	3065	Domitius Leontius	344–344					NO-DATE on wikidata
3074	3066	(a) Bonosus	344–344					NO-DATE on wikidata
3075	3067	(b) Julius Sallustius	344–344					NO-URL no title match
3076	3068	Amantius	345–345					NO-DATE on wikidata
3077	3069	M. Nummius Albinus						NO-URL no title match
3078	3070	Vulcacius Rufinus	347–347			368	wikidata	OK died only
3079	3071	Eusebius	347–347					NO-DATE on wikidata
3080	3072	Philippus	348–408					MISMATCH died 351 before reign end 408
3081	3073	Salia	348–348					NO-DATE on wikidata
3082	3074	Ulpius Limenius	349–349			349	wikidata	OK died only
3083	3075	Aconius Catullinus	349–349					NO-DATE on wikidata
3084	3076	Sergius	350–350					NO-DATE on wikidata
3085	3077	Nigrinianus	350–350		283		wikidata	OK born only
3086	3078	Magnus Magnentius Augustus	351–351		303	353	wikidata	OK
3087	3079	post consulatum Sergii et Nigriniani	351–351					NO-URL no title match
3088	3080	Gaiso	351–351					NO-URL no title match
3089	3081	Magnus Decentius Caesar	352–352			353	wikidata	OK died only
3090	3082	Paulus	352–512					NO-DATE on wikidata
3091	3083	Flavius Claudius Constantius Gallus	352–354		325	354	wikidata	OK
3092	3084	Arbitio	355–355					NO-DATE on wikidata
3093	3085	Q. Flavius Maesius Egnatius Lollianus	355–355					NO-DATE on wikidata
3095	3086	Censorius Datianus	358–358					NO-DATE on wikidata
3096	3087	Neratius Cerealis	358–358					NO-DATE on wikidata
3097	3088	Eusebius	359–359					NO-DATE on wikidata
3098	3089	Hypatius	359–500					NO-DATE on wikidata
3099	3090	Taurus	361–428					NO-DATE on wikidata
3100	3091	Florentius	361–361					NO-DATE on wikidata
3101	3092	Claudius Mamertinus	362–362					NO-DATE on wikidata
3102	3093	Nevitta	362–362					NO-DATE on wikidata
3103	3094	Sallustius	363–363					NO-DATE on wikidata
3105	3095	Varronianus	364–364		363		wikidata	OK born only
3107	3096	Valens Augustus	365–378		328	378	wikidata	OK
3109	3097	Dagalaifus	366–461					NO-DATE on wikidata
3110	3098	Lupicinus	367–367					NO-DATE on wikidata
3111	3099	Jovinus	367–367					NO-DATE on wikidata
3112	3100	Valentinianus (Galates)	369–369		366	369	wikidata	OK
3113	3101	Victor	369–424					NO-DATE on wikidata
3114	3102	Sex. Claudius Petronius Probus	371–371		328	390	wikidata	OK
3115	3103	Domitius Modestus	372–372					NO-DATE on wikidata
3116	3104	Arintheus	372–372			378	wikidata	OK died only
3117	3105	Equitius	374–374					NO-DATE on wikidata
3118	3106	post consulatum Gratiani AugustiI et Equitii	375–375					NO-URL no title match
3120	3107	Merobaudes	377–388			388	wikidata	OK died only
3121	3108	Decimius Magnus Ausonius	379–379		310	395	wikidata	OK
3122	3109	Q. Clodius Hermogenianus Olybrius	379–379					NO-DATE on wikidata
3124	3110	Syagrius	381–381					NO-DATE on wikidata
3125	3111	Eucherius	381–381					NO-DATE on wikidata
3126	3112	Claudius Antonius	382–382					NO-DATE on wikidata
3127	3113	Afranius Syagrius	382–382		345		wikidata	OK born only
3128	3114	Saturninus						NO-DATE on wikidata
3129	3115	Ricomer	384–384			393	wikidata	OK died only
3130	3116	Gaul: Magnus Maximus Augustus	384–384					NO-URL no title match
3131	3117	Clearchus	384–384					NO-DATE on wikidata
3132	3118	Bauto	385–385			388	wikidata	OK died only
3134	3119	Euodius	386–386					NO-DATE on wikidata
3135	3120	Eutropius	387–399			400	wikidata	OK died only
3137	3121	Maternus Cynegius	388–388			388	wikidata	OK died only
3138	3122	Timasius	389–389			396	wikidata	OK died only
3139	3123	Promotus	389–389			392	wikidata	OK died only
3140	3124	Neoterius	390–390		365	393	wikidata	OK
3141	3125	Eutolmius Tatianus	391–391					NO-DATE on wikidata
3142	3126	Q. Aurelius Symmachus	391–446					MISMATCH died 402 before reign end 446
3143	3127	Rufinus			335	395	wikidata	OK
3144	3128	Eugenius Augustus	393–393		345	394	wikidata	OK
3145	3129	Abundantius	393–393					NO-DATE on wikidata
3146	3130	Virius Nicomachus Flavianus	394–394		334	394	wikidata	OK
3148	3131	Anicius Hermogenianus Olybrius	395–395					NO-DATE on wikidata
3149	3132	Anicius Probinus	395–395					NO-DATE on wikidata
3150	3133	Caesarius	397–397					NO-DATE on wikidata
3151	3134	Nonius Atticus	397–397					NO-DATE on wikidata
3152	3135	Eutychianus	398–398			405	wikidata	OK died only
3153	3136	Mallius Theodorus	399–399		350		wikidata	OK born only
3154	3137	Eutropius				399	wikidata	OK died only
3155	3138	Stilicho	400–405		359	408	wikidata	OK
3156	3139	Aurelianus	400–400					NO-DATE on wikidata
3157	3140	Vincentius	401–401					NO-DATE on wikidata
3158	3141	Fravitta	401–401			402	wikidata	OK died only
3160	3142	Rumoridus	403–403					NO-DATE on wikidata
3161	3143	Aristaenetus	404–404		364		wikidata	OK born only
3162	3144	Anthemius	405–472					NO-DATE on wikidata
3163	3145	Anicius Petronius Probus	406–406					NO-DATE on wikidata
3164	3146	Anicius Auchenius Bassus	408–431					NO-DATE on wikidata
3166	3147	Gaul: Fl. Claudius Constantinus Augustus	409–409					NO-URL no title match
3168	3148	Tertullus	410–410					NO-DATE on wikidata
3169	3149	Varanes	410–456					MISMATCH died 451 before reign end 456
3171	3150	Heraclianus	413–413		370	413	wikidata	OK
3172	3151	Lucius	413–413					NO-DATE on wikidata
3173	3152	Constantius	414–420		370	421	wikidata	OK
3174	3153	Constans	414–414					NO-DATE on wikidata
3175	3154	Junius Quartus Palladius	416–416					NO-DATE on wikidata
3176	3155	Monaxius	419–419					NO-DATE on wikidata
3177	3156	Plinta	419–419					NO-DATE on wikidata
3178	3157	Agricola	421–421		365	421	wikidata	OK
3179	3158	Eustathius	421–421		415	422	wikidata	OK
3180	3159	Avitus Marinianus	423–423					NO-DATE on wikidata
3181	3160	Asclepiodotus	423–423					NO-DATE on wikidata
3182	3161	Castinus	424–424					NO-DATE on wikidata
3183	3162	Victor						NO-DATE on wikidata
3184	3163	Johannes Augustus	425–425			425	wikidata	OK died only
3185	3164	Hierius	427–427					NO-DATE on wikidata
3186	3165	Ardabur	427–447					NO-DATE on wikidata
3187	3166	Felix	428–428			430	wikidata	OK died only
3189	3167	Florentius	429–429					NO-DATE on wikidata
3190	3168	Dionysius	429–429					NO-DATE on wikidata
3191	3169	Anicius Auchenius Bassus						NO-DATE on wikidata
3192	3170	Antiochus	431–431					NO-DATE on wikidata
3193	3171	Aetius	432–454		395	454	wikidata	OK
3194	3172	Valerius	432–432					NO-DATE on wikidata
3195	3173	Petronius Maximus			396	455	wikidata	OK
3196	3174	Ardabur Aspar	434–434		400	471	wikidata	OK
3197	3175	Areobindus	434–434			449	wikidata	OK died only
3198	3176	Anthemius Isidorus	436–436					NO-DATE on wikidata
3199	3177	Senator	436–436					NO-DATE on wikidata
3200	3178	Sigisvultus	437–437					NO-DATE on wikidata
3201	3179	Anicius Acilius Glabrio Faustus	438–438					NO-DATE on wikidata
3202	3180	Festus	439–439					NO-DATE on wikidata
3203	3181	Anatolius	440–440		421	451	wikidata	OK
3204	3182	Taurus Seleucus Cyrus	441–441		400	470	wikidata	OK
3205	3183	Dioscorus						NO-DATE on wikidata
3206	3184	Eudoxius	442–442					MISMATCH died 370 before reign end 442
3207	3185	Paterius	443–443					NO-DATE on wikidata
3208	3186	Caecina Decius Aginatius Albinus	444–444					NO-DATE on wikidata
3209	3187	Nomus	445–445					NO-DATE on wikidata
3211	3188	Calepius	447–447					NO-URL no title match
3212	3189	Ardabur				471	wikidata	OK died only
3213	3190	Rufius Praetextatus Postumianus	448–448					NO-DATE on wikidata
3214	3191	Zeno						NO-DATE on wikidata
3215	3192	Astyrius	449–449					NO-DATE on wikidata
3216	3193	Florentius Romanus Protogenes	449–449					NO-DATE on wikidata
3217	3194	Gennadius Avienus	450–450					NO-DATE on wikidata
3219	3195	Valerius Faltonius Adelfius	451–451					NO-URL no title match
3220	3196	Bassus Herculanus	452–452					NO-DATE on wikidata
3221	3197	Sporacius	452–452					NO-DATE on wikidata
3222	3198	Opilio	453–453					NO-DATE on wikidata
3223	3199	Joannes Vincomalus	453–453					NO-URL no title match
3224	3200	Aetius						NO-DATE on wikidata
3225	3201	Studius	454–454					NO-DATE on wikidata
3228	3202	Varanes						NO-DATE on wikidata
3230	3203	Johannes	456–467					NO-DATE on wikidata
3231	3204	Constantinus	457–457					NO-DATE on wikidata
3232	3205	Rufus	457–492					NO-URL no title match
3233	3206	Julius Valerius Majorianus Augustus	458–458			461	wikidata	OK died only
3234	3207	Ricimer	459–459		405	472	wikidata	OK
3235	3208	Patricius	459–500					MISMATCH died 471 before reign end 500
3236	3209	Magnus	460–460		390	475	wikidata	OK
3237	3210	Apollonius	460–460					NO-DATE on wikidata
3238	3211	Severinus						NO-DATE on wikidata
3239	3212	Dagalaifus						NO-DATE on wikidata
3240	3213	Libius Severus Augustus	462–462		420	465	wikidata	OK
3241	3214	Caecina Decius Basilius	463–463					NO-DATE on wikidata
3242	3215	Antoninus Messala Vivianus	463–463					NO-DATE on wikidata
3243	3216	Rusticius	464–520					NO-URL no title match
3244	3217	Anicius Olybrius	464–464			472	wikidata	OK died only
3245	3218	Hermenericus	465–465					NO-URL no title match
3246	3219	Tatianus (?)	466–466					MISMATCH died 173 before reign end 466
3247	3220	Pusaeus	467–467					NO-DATE on wikidata
3248	3221	Johannes				479	wikidata	OK died only
3249	3222	Marcianus	469–472			484	wikidata	OK died only
3251	3223	Messius Phoebus Severus	470–470					NO-DATE on wikidata
3252	3224	Jordanes	470–470					NO-DATE on wikidata
3253	3225	Caelius Aconius Probianus	471–471					NO-DATE on wikidata
3254	3226	Rufius Postumius Festus	472–472					NO-DATE on wikidata
3255	3227	Marcianus			392	457	wikidata	OK
3256	3228	Armatus	476–476			477	wikidata	OK died only
3257	3229	post consulatum Basilisci Augusti et Armati	477–477					NO-URL no title match
3258	3230	Illus	478–478			488	wikidata	OK died only
3259	3231	Caecina Decius Maximus Basilius	480–480			500	wikidata	OK died only
3260	3232	Rufius Achilius Maecius Placidus	481–481					NO-URL no title match
3261	3233	Severinus						NO-DATE on wikidata
3262	3234	Appalius Illus Trocundes	482–482			485	wikidata	OK died only
3263	3235	Anicius Acilius Aginantius Faustus	483–483					NO-DATE on wikidata
3264	3236	post consulatum Trocundi	483–483					NO-URL no title match
3265	3237	Decius Marius Venantius Basilius	484–484					NO-DATE on wikidata
3267	3238	Q. Aurelius Memmius Symmachus	485–485			526	wikidata	OK died only
3268	3239	post consulatum Theoderici	485–485					NO-URL no title match
3269	3240	Caecina Mavortius Basilius Decius	486–486					MISMATCH born 493 after reign start 486
3270	3241	Longinus	486–490					NO-DATE on wikidata
3271	3242	Nar. Manlius Boëthius	487–487			487	wikidata	OK died only
3272	3243	post consulatum Longini	487–487					NO-URL no title match
3273	3244	Claudius Julius Ecclesius Dynamius	488–488					NO-DATE on wikidata
3274	3245	Rufius Achilius Sividius	488–488					NO-DATE on wikidata
3275	3246	II post consulatum Longini	488–488					NO-URL no title match
3276	3247	Petronius Probinus						NO-DATE on wikidata
3277	3248	Eusebius	489–493					NO-DATE on wikidata
3278	3249	Anicius Probus Faustus	490–490					NO-DATE on wikidata
3279	3250	Olybrius						NO-DATE on wikidata
3280	3251	Rufus						NO-DATE on wikidata
3282	3252	Caecina Decius Faustus Albinus	493–493					NO-DATE on wikidata
3283	3253	Turcius Rufius Apronianus Asterius	494–494					NO-DATE on wikidata
3284	3254	Praesidius	494–494					NO-URL no title match
3285	3255	Viator	495–495					NO-DATE on wikidata
3286	3256	post consulatum Viatoris	496–496					NO-URL no title match
3287	3257	Paulus						NO-DATE on wikidata
3288	3258	II post consulatum Viatoris	497–497					NO-URL no title match
3289	3259	Paulinus	498–498		498	511	wikidata	OK
3290	3260	Johannes Scytha	498–498		482	498	wikidata	OK
3291	3261	post consulatum Paulini	499–535					NO-URL no title match
3292	3262	Johannes qui est Gibbus	499–499			1588	wikidata	OK died only
3293	3263	II post consulatum Paulini	500–500					NO-URL no title match
3294	3264	Hypatius				532	wikidata	OK died only
3295	3265	Patricius						NO-DATE on wikidata
3296	3266	Avienus	501–501					NO-DATE on wikidata
3297	3267	Pompeius	501–501			532	wikidata	OK died only
3298	3268	Rufius Magnus Faustus Avienus	502–502					NO-DATE on wikidata
3299	3269	Probus						NO-DATE on wikidata
3300	3270	Volusianus	503–503					MISMATCH died 253 before reign end 503
3301	3271	Dexicrates	503–503					NO-URL no title match
3302	3272	Rufius Petronius Nicomachus Cethegus	504–504					NO-DATE on wikidata
3303	3273	Theodorus	505–505					NO-DATE on wikidata
3304	3274	Sabinianus	505–505					NO-DATE on wikidata
3305	3275	Ennodius Messala	506–506					NO-DATE on wikidata
3306	3276	Areobindus Dagalaifus Areobindus	506–506		460	512	wikidata	OK
3307	3277	Venantius	507–507					NO-DATE on wikidata
3308	3278	Decius Basilius Venantius	508–508					NO-DATE on wikidata
3309	3279	Celer	508–508					NO-DATE on wikidata
3310	3280	Inportunus	509–509					NO-DATE on wikidata
3311	3281	Anicius Manlius Severinus Boethius	510–510		480	524	wikidata	OK
3312	3282	Arcadius Placidus Magnus Felix	511–511		480	511	wikidata	OK
3313	3283	Secundinus	511–511					NO-DATE on wikidata
3314	3284	post consulatum Felicis	512–512					NO-URL no title match
3315	3285	Paulus						NO-DATE on wikidata
3316	3286	Moschianus	512–512		462		wikidata	OK born only
3317	3287	Probus						NO-DATE on wikidata
3318	3288	Taurus Clementinus Armonius Clementinus	513–513					NO-DATE on wikidata
3319	3289	Magnus Aurelius Cassiodorus Senator	514–514		487	583	wikidata	OK
3320	3290	Florentius	515–515					NO-DATE on wikidata
3321	3291	Procopius Anthemius						NO-DATE on wikidata
3322	3292	Petrus	516–516					NO-DATE on wikidata
3323	3293	Agapitus	517–517					NO-DATE on wikidata
3324	3294	Anastasius Paulus Probus Sabinianus Pompeius Anastasius	517–517					NO-DATE on wikidata
3325	3295	post consulatum Agapiti	518–518					NO-URL no title match
3326	3296	Anastasius Paulus Probus Moschianus Probus Magnus	518–518					NO-QID
3327	3297	Eutharicus Cillica	519–519		480	522	wikidata	OK
3415	3298	M. Acilius Aviola	122–122					NO-DATE on wikidata
3329	3299	Rusticius						NO-URL no title match
3330	3300	Vitalianus	520–520			520	wikidata	OK died only
3331	3301	Iobius Philippus Ymelcho Valerius	521–521					NO-URL no title match
3332	3302	Boethius	522–522					NO-DATE on wikidata
3333	3303	Symmachus	522–522					NO-DATE on wikidata
3334	3304	(Anicius) Maximus	523–523			552	wikidata	OK died only
3335	3305	Venantius Opilio	524–524		524		wikidata	OK born only
3336	3306	Probus						NO-DATE on wikidata
3337	3307	Theodorus Filoxenus Sotericus Filoxenus	525–525					NO-DATE on wikidata
3338	3308	Olybrius						NO-DATE on wikidata
3339	3309	Vettius Agorius Basilius Mavortius	527–527					NO-DATE on wikidata
3340	3310	post consulatum Mavortii	528–528					NO-URL no title match
3341	3311	Decius						NO-DATE on wikidata
3342	3312	Rufius Gennadius Probus Orestes	530–530					NO-DATE on wikidata
3343	3313	Lampadius	530–530					NO-DATE on wikidata
3344	3314	post consulatum Lampadii et Orestis	531–531					NO-URL no title match
3345	3315	II post consulatum Lampadii et Orestis	532–532					NO-URL no title match
3346	3316	III post consulatum Lampadii et Orestis	533–533					NO-URL no title match
3347	3317	(Decius) Paulinus	534–534					NO-DATE on wikidata
3348	3318	post consulatum Paulini						NO-URL no title match
3349	3319	Belisarius	535–535		505	565	wikidata	OK
3350	3320	post consulatum Belisarii	536–536					NO-URL no title match
3351	3321	II post consulatum Belisarii	537–537					NO-URL no title match
3352	3322	sine collega	-45–541					NO-URL no title match
3353	3323	Marianus Michaelius Gabrielius Archangelus Ioannes	538–538		490	548	wikidata	OK
3354	3324	post consulatum Ioannis	539–539					NO-URL no title match
3355	3325	Strategius Apion Strategius Apion	539–539					NO-DATE on wikidata
3356	3326	Mar. Petrus Theodorus Valentinus Rusticius Boraides Germanus Justinus	540–540			566	wikidata	OK died only
3414	3327	Anicius Faustus Albinus Basilius	541–541					NO-DATE on wikidata
3416	3328	Romulus	-753–-716		-771	-717	wikidata	OK
3417	3329	Numa Pompilius	-715–-672		-753	-671	wikidata	OK
3418	3330	Tullus Hostilius	-672–-640					MISMATCH died -642 before reign end -640
3419	3331	Ancus Marcius	-640–-616		-675	-616	wikidata	OK
3420	3332	Lucius Tarquinius Priscus	-616–-578			-578	wikidata	OK died only
3421	3333	Servius Tullius	-578–-534			-535	wikidata	OK died only
3422	3334	Lucius Tarquinius Superbus	-534–-509			-495	wikidata	OK died only
3423	3335	Keir Starmer	2024–2025		1962		wikidata	OK born only
3424	3336	Leo XIV	2025–2025		1955		wikidata	OK born only
3425	3345	Constantine I	862–877	836-877	836	877	sheet	OK
3426	3346	Philip II	1554–1598		1527	1598	wikidata	OK
3427	3347	Philip IV	1598–1621					NO-QID
3428	3348	Philip IV	1621–1665		1605	1665	wikidata	OK
3429	3349	Philip V	1700–1714		1683	1746	wikidata	OK
3430	3350	John VIII (antipope)	844–844		790	874	wikidata	OK
3431	3351	Anastasius III (antipope)	855–855			879	wikidata	OK died only
3432	3352	Gregory VI (antipope)	1012–1012					NO-DATE on wikidata
3433	3353	Celestine II (antipope)	1124–1124			1144	wikidata	OK died only
3434	3354	Gregory VIII (antipope)	1118–1121			1137	wikidata	OK died only
3435	3355	Clement III (antipope)	1080–1100		1025	1100	wikidata	OK
3436	3356	Innocent III (antipope)	1179–1180		1160	1216	wikidata	OK
3437	3357	Nicholas V (antipope)	1328–1330		1260	1333	wikidata	OK
3438	3358	Clement VII (antipope)	1378–1394		1342	1394	wikidata	OK
3439	3359	Clement VIII (antipope)	1423–1429		1370	1447	wikidata	OK
3440	3360	Benedict XIII (antipope)	1394–1423		1328	1423	wikidata	OK
